date,review,rating
2019년 03월 29일,좋아용 굿굿,5
2019년 03월 29일,굳,5
2019년 03월 28일,굿,5
2019년 03월 28일,악성광고 지긋지긋하다 스팸메일이랑 다를게뭐야? 국가손해배상 뜨면 니들이 진다. 광고좀 그만해라,1
2019년 03월 28일,팝업그만띄워라,1
2019년 03월 28일,빠르고 안전한 배송 감사합니다,3
2019년 03월 27일,진짜 제발 그만떠라..,1
2019년 03월 27일,광고 개빡치네,1
2019년 03월 27일,"광고성수신하면 10프로 쿠폰 주는데 (최대1만원할인)100만원 물건사도 10만원할인이 아닌 1만원.장난치나? 온라인 물건주문시 3일지나 품절이라고 문자오는데, 그물건 파는 오프라인매장 전화하면 재고 있단다 어이없네. 특히 고객센터 남자직원은 일처리 너무 느림. 이렇게 상술이 더러운 온라인 쇼핑몰. 쓱~~",1
2019년 03월 27일,모아노아 좋은 점과 혼동되는 점이 상충되는것이 해결하기 어려운 점이지만 해결 하실 수 있으리라 봅니다,2
2019년 03월 26일,내가 이앱설치할거같냐 공초를하고말지 악성광고 ㅃㅃㅉ~~,1
2019년 03월 26일,광고가 자꾸 떠서 더 싫어집니다 제발 그만ㅠ 구글앱을 아에 삭제했는데 유투브도 삭제할까 고민 중,1
2019년 03월 26일,하....앱 깔으라 광고좀 그만해요 제발... 폰을 쓸수가 없어요...이런 앱 리뷰에 존댓말쓰는 제가 한심하네요...,1
2019년 03월 26일,"대체 몇번째인지.. 언제부턴가 할때마다 로그인하라더니 이젠 비번도 방금 찾기해도 안되고, 핸폰로그인했는데도 이멜인되서 안된다는둥. 그러면 연동은 뭐하러해놓았는지.. 개인정보만 빼갔는가...",5
2019년 03월 26일,실내 와이파이 강력한 곳 외에는 LTE신호로는 재시도 메세지만 자꾸 뜨고. 일년 넘게 이 어플만 그러네요. 개선해주세요.,1
2019년 03월 25일,빠른배송 신선한 상품 감사합니다 ^^,5
2019년 03월 24일,무한광고앱 리뷰땜에깐다,1
2019년 03월 24일,아직 미사용으로 정확한 평가를 하기가 힘드네요.,3
2019년 03월 24일,맨날 폰에 광고뜨는 범인,1
2019년 03월 24일,결제하기 왜이렇게 어려운가요 어플깔아도 안되고 까다로운거같아요,5
2019년 03월 24일,자주 이용하게되는게 편리하고 빠르고 좋아서~,5
2019년 03월 24일,쓸만한 앱이네요ㅎㅎ,1
2019년 03월 23일,광고 제발요.... 이건 아니잖아요..,1
2019년 03월 23일,어플광고 오지게 띄우네 ㅋㅋㅋ 이딴어플 받는 흑우 없을거라 생각한다,1
2019년 03월 23일,광고 ㅎ.,1
2019년 03월 23일,야. 니가 어떻게 하는지 알고 있니? 광고 실화? 강제 사이트? 밑에 뜨는 광고도 실화?! 니때문세 어떤앱 때문인줄 알고 그앱 지웠는데 그앱 때문이 아니라서 다시 깔았는데 코인 50000개 넘게 있었는데 20000개 됬잖아!! 한번만 광고 더 뜨면 이앱 신고ㅅㄱ. ㅎㅎㅎ. 리뷰수정중. 광고 뜸 신고함,1
2019년 03월 23일,직장생활에혼자살다보니마트가기가쉽지안은데 ㅎ 너무편해요,5
2019년 03월 23일,결제 진행 도중이나 앱실행중에 화면이 멈춤 좀더 원활하면 좋겠습니다,5
2019년 03월 23일,만족합니다,5
2019년 03월 23일,연구소.라는 명칭사용이 무색하지 않도록 끊임없이 노력하며 변화를 꾀하는 노력의 흔적이 보여 안심이 됨. 충성 고객으로서.,5
2019년 03월 22일,깔테니까 광고좀 그만띄워 미치겠네,1
2019년 03월 21일,싸게 잘 산거 같네요 배송이 빠를련지..,5
2019년 03월 20일,제발 무한광고좀 그만하세요 다른어플 하는 도중에도 어플깔으라고 바이러스로 깔으라하네요 최악.,1
2019년 03월 20일,오 900캐시를 줬어! 정직해!,5
2019년 03월 20일,좋아요 소 쿨.....,5
2019년 03월 20일,시@광고 개@♡야 그만좀 해..,1
2019년 03월 19일,카테고리 작업을 좀더 실속있게 해야 할 듯 식품을 보려면 쓸데없는 거 잔뜩보고 지나야하니 짜증나요 과천 이마트도 노선을 빙빙 돌게 만들어서 짜증이었는데 마치 그와같은 느낌이었습니다 쓱 굉장히 기대했었는데 ..,1
2019년 03월 19일,광고,1
2019년 03월 19일,조아용,4
2019년 03월 18일,쇼핑하기편리해요~,5
2019년 03월 18일,카카오페이 결제하면 카카오톡에 떠야되는데 최신버전임에도 불구하고 안됩니다. 어떻게하면 될까요?,5
2019년 03월 18일,신세계상품권 결재할려는데 엄청 튕기고 족같네진짜 ssg페이 어플 깔게 어플상에서는 상품권 아예 못쓰게 해놨네 짜증,5
2019년 03월 18일,가격도 좋고 제품도 믿을만하네요~~^^,5
2019년 03월 17일,좋아요,5
2019년 03월 17일,no dob,1
2019년 03월 17일,주문도중에 다른 제휴업체 어플(okcashbag 등)로 들어가는 경우가 있는데요 다녀올때마다 결제창이 모두 꺼지고 신세계어플이 새로 열러서,1
2019년 03월 17일,다양한 쿠폰적용으로 할인이되어 득템할 수 있음,4
2019년 03월 17일,할인도 많이 받고 앱이 이용하기 편리해용,5
2019년 03월 17일,상품도 다양하고 결제도 완전 편하네요! ㅎㅎ,5
2019년 03월 17일,배송지 주소변경이 주문창에서는 되지 않아 불편해요,5
2019년 03월 16일,아니 빡침,1
2019년 03월 16일,신세계 어플있는데 계속 다운받으라 하네..ㅡㅡ,1
2019년 03월 16일,좋음,5
2019년 03월 16일,초등학교 6학년 핸드폰입니다. 핸드폰 이용자의 나이를 고려하여 정보 전송해야 합니다,1
2019년 03월 16일,아 좀.....깔테니까 좀 광고좀그만해 핸드폰을 쓸수가없어....,1
2019년 03월 16일,주문도 편하고 쓱머니나 페이 결제도 편하니 사용하기 편하네요,2
2019년 03월 16일,혜택이 많을 줄이야.....ㅎㅎ,5
2019년 03월 14일,아니 갑자기 구글로 넘어가면서 가면서 광고하네? 강제서비스인가?? 평점-999999999,1
2019년 03월 14일,다양한 제품이 있어 쇼핑이 즐거웠습니다~~,2
2019년 03월 14일,너무 좋네요 편하고,1
2019년 03월 13일,다운로드 안되고 로딩도 안되네요,1
2019년 03월 13일,"휴대폰 번호로 로그인하고 face id로 로그인한다고 늘 체크하는데 계속 안되네요 번거롭게 인증번호 받고 그렇게 매일 로그인해요,,",5
2019년 03월 13일,좋네요,5
2019년 03월 12일,머하느라 설치했는데 하는도중리뷰가좀그렇길래 다시생각해보려구 봤더니 머니는안들어오구설치는돼있네여^^-,2
2019년 03월 12일,배그할려고 들어갔는데 안깔면 튕기고...이게뭐야,1
2019년 03월 12일,처음가입 다운받아 써보려는데 .. 열라짜증입니다. 쿠폰 26개 받아도 5개밖에 안뜨는 이유가 뭔지.. 뭘해도 안되네요. 시간 아깝네요. 탈퇴고민중,1
2019년 03월 12일,편리하고 좋네요. 자주 이용하겠습니다,2
2019년 03월 12일,장바구니도 오래 보관되어서 좋구요,5
2019년 03월 12일,검색이 쉽고 보기 편해요,2
2019년 03월 12일,신세계 상품권 사용이 너무 힘들다,1
2019년 03월 12일,좋아요 좋아요0,5
2019년 03월 11일,편하고 좋아요,5
2019년 03월 11일,8세대 I7 탑재 LG노트북을 꼭 구매하고자 했는데 이제야 구매를 합니다. 배송 받고 이후 후기 재 작성하도록 하겠습니다,5
2019년 03월 11일,좋아요,5
2019년 03월 10일,좋다.,5
2019년 03월 10일,타이어 교환시기에 따른 고민중에 SSG안에 모든게 다있고 이렇게 편하게 결제까지~^^,5
2019년 03월 10일,트레이더스주문도가능하구편하네요!,4
2019년 03월 09일,할인제품인데 유통ㅈ기한이 좀 남아있는거 보내주시고 배송시간이 뜨면 정확하게 맞춰주시고 좋아요,4
2019년 03월 09일,쌀떨어졌는데 쓱배송이 있어서 참 좋네요,5
2019년 03월 08일,자꾸 깔라고 넘어와지네요 홍보를 그따구로 하니 별점 1개주고 싶어지지,1
2019년 03월 08일,아니... 설치 안하겠다는데 왜 이거 계속 설치하라 그러죠?,1
2019년 03월 07일,광고 끄지라 제발,1
2019년 03월 07일,쓱배송 업뎃 됐다더니 4만원 이상 배송료 무료는 그대로. 쓱투마로우가 쿠팡 로켓프레시인 줄... 헷갈리지 마세요. 옛날이랑 똑같아요. 괜히 다운 받아서 주문하려고 봤더니 정말.. 안써본 댓글을 다 써보네,1
2019년 03월 07일,오오 여러분! 여기는 정직한 곳이었습니다! 200캐시가 들어왔어요!,5
2019년 03월 07일,좋아요,5
2019년 03월 07일,기본 구매 금액이 너무 높아 불필요한 소비를 하게 되네요 ㅠ,5
2019년 03월 06일,굿,5
2019년 03월 06일,제발 바이러스 걸리게하지마라 죽는다 별1개 주는것도 아까움,1
2019년 03월 06일,잼?,5
2019년 03월 06일,몇시에 도착한건지 7시에 문을열어보니 얼음 다 녹고 물이 질퍽하게 생겨있었습니다. 아이스팩이 다 녹았더군요 ㅜㅜ 신경 더 쓰셔서 배송해주세요.,1
2019년 03월 06일,만족해요,5
2019년 03월 05일,광고좀 작작 해라,1
2019년 03월 05일,절대하지마셈 쓰레기어플 별점1도아까움,1
2019년 03월 05일,깔테니까 광고좀 그만 떠 휴대폰을 못하겠네 정말 지긋지긋하다,1
2019년 03월 05일,인터넷 쇼핑을 자주 하지는 않은데 나름 물건도 많고 가격도 쿠폰 할인되는것들은 저렴하게 잘 사게되는 것 같아요. 직구 물품들이랑 가격만 조금 더 조정되면 더 자주 쓸 것 같아요.,5
2019년 03월 05일,분유 기저귀 마트 안가고도 착한가격에 맘편하게 쇼핑 가격비교하느라 시간낭비는 시로시로,5
2019년 03월 05일,괜찮은거 같아요,5
2019년 03월 05일,간편하고 저렴하고 신속하고 정확하게,5
2019년 03월 05일,하네요,1
2019년 03월 04일,앱 실행하면 포인트카드 바코드가 바로 뜨게 해주세요. 홈플러스 처럼.,3
2019년 03월 04일,요좀 목사님 들 이 난불명히요 이번엔로 또가 오 당첨 이도면은요 ㅇ긴ㅇ사해오모든 영광을 하나님께,5
2019년 03월 04일,광고 그만 쳐 뜨세요,1
2019년 03월 04일,배송도 느리고 안신선해요ㅠ,1
2019년 03월 04일,너무광고가 떠서 짜증,1
2019년 03월 04일,빨리배송된다는 점이 참 좋아요! 바쁘거나 급할때 자주 이용해요^^*,5
2019년 03월 04일,쓱페이로 할인도 받고 손쉽게 결제도 하고 너무 편해요~~,5
2019년 03월 04일,좋은상품 편하게 잘 이용하고 있습니다~^,5
2019년 03월 04일,한곳에서 다양하게 쇼핑할수있어 좋아요,3
2019년 03월 04일,빠른배송과 품질 굿!,5
2019년 03월 03일,좋아요,4
2019년 03월 03일,좋아요,5
2019년 03월 03일,어플 아이콘 눌러서 들어가면 왜 네이버브라우저 통해서 접속되나요?플레이스토어에서 검색해서 열면 제대로 어플로 열리던데..,1
2019년 03월 03일,처음 이용해봤는대 슥페이도 편하고 이마트 슥배송도 너무 편해요,2
2019년 03월 03일,좋은제품 한번에 찾아볼수있어서 애용하고있습니다,4
2019년 03월 03일,시스템이 사용하기 편해요,5
2019년 03월 03일,사용하기 편하네요~,5
2019년 03월 02일,상품가격들이 다른곳보다 조금씩 더 싸긴한데 계속 튕겨서 회원가입도 못하겠고 렉걸림 .,2
2019년 03월 02일,쿠폰때문에 깔았는데 안좋아요,1
2019년 03월 02일,생활용품 옷 음식 사려고 자주 이용하는 편인데 주문하고나서 주문 상품의 40%정도는 재고가 없어서 환불 받는 경우가 부지기수네요. 특히 신세계몰 상품이 그렇던데 관리가 참 안되는듯,5
2019년 03월 02일,넘 편하고 좋아요^^,4
2019년 02월 28일,좋긴해요,5
2019년 02월 28일,당첨도 되지 않을 이벤트로 어플설치를 유도 개같은 어플 신세깨새끼들,1
2019년 02월 28일,언제나 한결같은 ssg닷컴을 주로 이용합니다 가격도 쿠폰 써서 좋고 배송도 빠르고 품질도 좋아서 자주 이용합니다,4
2019년 02월 27일,타인의 플스 당첨 여부 알수가 없음 다운로드수 늘리려는 의도적 이벤트인건 알지만 이벤트 결과에 대한 구체적인 공지가 없음,1
2019년 02월 27일,쓰레기...,1
2019년 02월 27일,신세계제휴 카드쓰면 포인트 많이주고 배달빠르고 다른 마트 배달시켜봤는데 물건 오래된거 가져다 주고 그런데 쓱배송은 제조일 최근거 가져다줘서 좋아요,5
2019년 02월 27일,결제 빠르고 좋아요. 할인도 많이 되어 좋습니다,5
2019년 02월 27일,보기 쉬워용 ㅎㅎ,1
2019년 02월 26일,"선착순으로 할인 쿠폰 '추첨 기회' 발급? 그마저도 수량 한정에 조기 매진 가능? 근데 수량은 미고지? 미끼 상품으로 개인정보 먹고 화제성도 키우고, 개양아치네요",1
2019년 02월 26일,제발,5
2019년 02월 26일,신세계 계열 이용시 편합니다,5
2019년 02월 25일,진짜 저 아무것도 안 눌럿는데 자꾸 이 창이 뜨네요 정말 이 창 볼때마다 짜증납니다,1
2019년 02월 25일,"아니 어찌된게 네이버 최저가 보다 더 싼 상품이 있지?, 최저가보다 더 싸게 산 것도 기분좋지만 처음구매 1만원 할인은 더 대박!! 기분좋네 짱짱~!! 인터페이스고 뭐고 완전좋음",5
2019년 02월 25일,1. 주소수정 주소 수정 시 층간 변경만 있는 경우도 다수 발생되는데 전체 주소 수정해야하고 부분 수정이 안됨,5
2019년 02월 25일,품목도 많고 쓱배송 횟수도 많아 장보기 좋아요^^,4
2019년 02월 25일,배송이 너무 느려요,4
2019년 02월 24일,이거 진짜 노답이에요 절대 깔지마세요,1
2019년 02월 24일,앱 겁나 느리고 쿠폰이벤트 한번에 서버 접속 안되고 앱 응답 없음.. 요청 많이 들어오면 답없나..,1
2019년 02월 24일,넘 좋아요 물건 수가 많아서 좋고 보기 편해요 어플 만드느라 참 고생하시는거 같아요 덕분에 편하게 씁니당,5
2019년 02월 24일,아주 편하고 좋네요! 자주 이용할께요!,5
2019년 02월 24일,너무 좋아요,5
2019년 02월 24일,조아요,4
2019년 02월 23일,앱이 자꾸멈춤 노트5인데.....,1
2019년 02월 23일,물건이 좋아요,3
2019년 02월 23일,8550원짜리 패딩 있는것처럼 해놓고 들어가면 반팔티.... 낚시 완전 잘함 그래서 별 한개 드림,1
2019년 02월 23일,캐시워쿠폰이 예전엔 잘됬는데 이제 않되요,5
2019년 02월 23일,항상 이용하고 있어요,5
2019년 02월 23일,굿,4
2019년 02월 23일,"모바일은 현금영수증칸 작성칸 안나옴 페이전화,ssg몰 전화 두번씩하고 시간낭비 완전 열받음",5
2019년 02월 22일,좋아요,3
2019년 02월 22일,좀재밋?있는게임도넣어주세요아쉬에묘,3
2019년 02월 22일,개킹왕짱편함 가격도 동네슈퍼보다 싼거 엄청많음 특히 노브랜드상품 품질좋고 왕쌈,1
2019년 02월 21일,망할놈의 광고!! 왜 자꾸 광고가 뜨냐고?!!!!!,1
2019년 02월 21일,굿,5
2019년 02월 21일,백화점까지 안가도 저럼하게 구입할수 있어서 좋아용~^^*,4
2019년 02월 21일,항상 애용하고잇습니닷,5
2019년 02월 21일,배송이빨라요,4
2019년 02월 20일,광고좀 작작,1
2019년 02월 20일,바로주문을 진행하다가 실패할 경우 주문하려던 상품을 다시 찾지않고 다시 진행할수 있게 해주세요 예를 들면 바로주문시 장바구니 자동등록후 주문완료시 삭제,3
2019년 02월 20일,더 개선해주세요,5
2019년 02월 19일,설치하고받으러가니까? 신규설치자만됩니다???? 방금설치했는데 신규만됩니다??? 이거 깔지 마셈;,1
2019년 02월 19일,좋아요.,4
2019년 02월 19일,광고라니 내가광고라니,1
2019년 02월 19일,설치도 안햇는데 자꾸 튀어나오네 빡치게,1
2019년 02월 19일,이거 왜 계속 멋대로 설치하라고 강요하는거져? 사람 짜증나게,1
2019년 02월 19일,정말 좋은 앱인거같아여 ~~~,3
2019년 02월 19일,앱으로 주문하니 편하네요.,1
2019년 02월 19일,할인해서 넘 좋아요,5
2019년 02월 18일,좀비고 땜에 깔았는데 왜 안되죠,1
2019년 02월 18일,광고가 아주 좋아요.,1
2019년 02월 18일,ㅜㅜ이상해,3
2019년 02월 18일,아니 바이러스 걸린 후 부터 갑자기 이 앱 들어가짐;;;,1
2019년 02월 18일,좋은 제품을 찾기 쉽고 온라인으로 주문쉽고 배송도빨라 자주 이용합니다,5
2019년 02월 18일,좋아요 좋아^^,5
2019년 02월 17일,별루 안조네용별주기 실음,1
2019년 02월 17일,일반카드결제를 눌렀는데 자꾸 페이백? 인증창이 뜨고..몇번 시도하다 결국 카드 바꾸고 나서야 isp결제창으로 넘어가네요... (bc카드 선택시 그랬음),5
2019년 02월 17일,주문계속 처음으로 돌아가서 여섯번 시도함 ㅠㅜㅜ 슥머니 쓰기 참 힘드네요....휴,5
2019년 02월 17일,손쉽게 구매 할 수 있어 좋아요,1
2019년 02월 17일,굿굿,5
2019년 02월 16일,다운로드왜이렇게안돼요,1
2019년 02월 16일,좋네요,5
2019년 02월 16일,"웜포슬린 처음 사용해요, 샘플 부탁드려요",5
2019년 02월 15일,굳,4
2019년 02월 15일,물건이 아주좋진않더라구요,3
2019년 02월 15일,"집에서 무거운 물건 구매가 너무 좋네요!! 힘들이지않고, 쌀 같은 무게를 집에서 받을 수 있고!! 포인트 적립도 되고!!! ^^",5
2019년 02월 15일,"기다리던 제품, 좋은 가격에 맛있게 잘 먹을게요^^",5
2019년 02월 15일,페이스인증 로그인으로 손쉽게 장보니까 좋네욥,1
2019년 02월 14일,좋아요,5
2019년 02월 14일,스텔론 저그를 해외 직구로 간편하고 배송비 저렴하게 구입하게 돼서 넘 좋아요~,3
2019년 02월 14일,카카오가 문제인지 ssg가문제인지 모르겠지만 페이코로 결제했습니다 결국,4
2019년 02월 13일,좋아요,5
2019년 02월 13일,.무궁한발전바랍니다,4
2019년 02월 13일,뭔 업뎃을 이리 많이?? 업딧할때마다 쳐튕기고..... 튕기는 것좀 작작,2
2019년 02월 13일,ssgpay가 연동이안되네요;;;,3
2019년 02월 13일,광거 강제 링크 하지마라,1
2019년 02월 13일,영상 볼때마다 들어가지고 이딴앱 갑자기 왜나옴? 영상볼때 뭐가 필요있다고,1
2019년 02월 13일,제발 튕기는것좀 고쳐줘요..,1
2019년 02월 13일,배송도 빠르고 알람 서비스도 좋아요 너무 감사해요,1
2019년 02월 13일,조아요,5
2019년 02월 12일,다들 1점이니깐 나도,1
2019년 02월 12일,이런 앱은 진짜 강추추합니다,5
2019년 02월 11일,광고 지워도지워도 계속뜨네 짱개니,1
2019년 02월 11일,그지같네요,1
2019년 02월 11일,이 앱 사용안하는데 자꾸 네×버 사용만하면 여기로 들어와져요... 왜이래요?,1
2019년 02월 11일,다운로드 대기중이라고만 한시간째...,1
2019년 02월 11일,태블릿 현대카드페이샷결제가 안되네요 갤럭시탭이고 다른 사이트에서는 됩니다,5
2019년 02월 11일,사력을 다해서 만들었다는 어플이 어찌 쿠팡보다 못합니까 리뷰쓰고 별명 작성하는것마저 짜증나게 만들어서 한줄 더 남깁니다,1
2019년 02월 11일,좋아요,5
2019년 02월 10일,어설픈 신세계,5
2019년 02월 09일,아주좋아요,5
2019년 02월 09일,앱 사용하다가 혈압올라 기절해버릴거같음,1
2019년 02월 09일,다른 사이트에서 구입하기 어려운 과체습관을 매우 저렴한 가격으로 구입해서 기분짱!! 다음에도 부탁드립니다..,5
2019년 02월 09일,쵝오,5
2019년 02월 08일,그냥 개같음,1
2019년 02월 08일,여러 앱 가입 안해도 되서 너무 편해요,5
2019년 02월 08일,최고,5
2019년 02월 07일,아 진짜 업뎃할때마다 밖으로 쳐 삐져나오는 것좀 고쳐봐요 ㅡㅡ개짱나네 진심,1
2019년 02월 07일,업데이트를 쳐할때마다 맨날 폴더 밖으로 쳐삐져나옴 그리고 편리성도 개같고 이 앱 누가만들었는지는 몰라도 개같음 한번만 더 삐져나오면 제거할고임,1
2019년 02월 07일,업뎃 작작 좀...,1
2019년 02월 07일,업데이트가 아침 저녁식사나 일기도 아니고 한번할때 제대로 해요 백신도 아니고 작작좀 합시다 아니 방금전에 했는데 또? 무슨 게임패치인지,1
2019년 02월 07일,쇼핑앱중에 가장 많이 쓰고있어요,5
2019년 02월 07일,사용하기 편하고 좋은 어플 입니다. 다만 최근 안드로이드 P 에서 알림바 노출이 안됩니다. 업데이트 부탁드려요.,5
2019년 02월 07일,"상품검색, 많이 구입하는 제품 등을 쉽게 보여줘서 구매하는데 많은 도움이 되었어요.",5
2019년 02월 07일,결제 절차 배송 또한 상품들도 모두 만족합니다.,5
2019년 02월 06일,좋아요,5
2019년 02월 06일,상품권 등록이 간단해져서 편합니다~ 할인쿠폰도 자주 보내주셔서 감사합니다~,5
2019년 02월 06일,한번에 다같이 쇼핑하기 너무 좋네요,5
2019년 02월 06일,편하고 깔끔해요 완전 스마트한 느낌 ㅎㅎ,4
2019년 02월 06일,Good,5
2019년 02월 05일,"네X버, X팡, C 마켓 등등 늘 이용 하던곳을 반복적으로 사용하다가 처음 SSG를 통해 물건을 구입 했는데 가격도 저렴하고 배송도 빨라서 놀랐습니다. 첫 느낌이 오래 갈 수 있기를 바라며...매우 만족 합니다!!^^",5
2019년 02월 04일,제품 좋은가격에 구매할수있게 쿠폰행사가 많아서 좋네요ㅎ,5
2019년 02월 04일,너무 복잡함 쿠폰도 알림설정하면 주는줄알았더니 안나옴 쿠폰이,5
2019년 02월 03일,간편하게 신속하게 편리하게 쇼핑이 가능해졌네요^^,1
2019년 02월 03일,편하고 좋아요,5
2019년 02월 03일,아기 키우면서 분유가(압타밀)갑자기 떨어질경우 이마트 쓱배송으로 당일 배송 받을 수 있어 너무 편리합니다. 남편보다 쓱배송이 더 듬직하네요,5
2019년 02월 02일,통합되어서 같이 관리 되니 좋네요,2
2019년 02월 02일,제품도 믿을만하고 배달도 해주니 편안합니다.,2
2019년 02월 01일,제곧내,5
2019년 02월 01일,아주 편리,5
2019년 01월 31일,광고 그만 나왔으면,1
2019년 01월 31일,하..저 좀비고땜에 깔았는데 평점보니 이거 안좋네요,1
2019년 01월 31일,사용은 안했는데 광고가 1일 10번은 뜬다고요!,1
2019년 01월 31일,결제승인도 빠르고 좋네요,5
2019년 01월 30일,이 쓰래기 내전화기에서 치워.,1
2019년 01월 30일,"재고관리 엉망에다가 쇼핑몰 관리도 엉망..배송도 느리고, 모르고 시키면 재고 없다고 카톡으로 옴..",1
2019년 01월 30일,헬로펫때문에 깔았는데 쿠폰받고 보니까 품절이더라고요? 품절된 상품 쿠폰은 주지마시던가 다른상품 쿠폰을 좀 주세요,1
2019년 01월 30일,오랫만에 앱으로 쇼핑하다가 열받았네요. 지워버릴까 했던 이유를 알겠어요. 남편이 회사에서 신세계 상품권 받아와서 백화점에 갈까하다 바쁘니 앱으로 사보자 했는ㄷ 상품권이용하려고 전환하기를 아무리 해도 화면에 글조차 뜨지 않아서 고객센터에 전화하고 시스템 문제가 아니다로 끝나고 앱을 삭제하고 다시해도 소용없고 한밤중에 멀리 있는 이마트까지 찾아가서 전환하는데 스크래치 있는데 일부러 오셨나고 그래서 앱이 엉망이라 했네요.남편이 차라리 롯데상품권이 낫겠네... 공감이네요. 백화점. 이마트 멀고 온라인상 이용도 불편하고. 그래도 구정선물로 돌릴려고 석류즙 4박스나 샀는데 뜯어보니 선물용박스도 안들었고 달랑 배송용 큰 박스에... 그것도 배송 오면서 모서리가 찢어지고 더러운걸 선물로 주긴 싫어요. 알았으면 안 샀을거에요.,3
2019년 01월 30일,"편리하게 구매하려고 이용하는 하는데 오히려 기분까지 언잖아졌습니다. 믿고 구매하는데 배송상태 꼼꼼히 점검하실 필요가 있겠네요. 쓱 배달 된다더니 완전 엉망으로 오는거 보고 놀랐습니다... 배송으오 그 업체 이미지도 결정되는건데, 꼼꼼히 점검 하실 필요가 있을꺼 같네요.",3
2019년 01월 30일,무거운데 배송이 되니 너무 좋습니다 기사님들 화이팅!,5
2019년 01월 30일,앱 좋네요~,3
2019년 01월 30일,그리고 믿음!!,4
2019년 01월 30일,색상도 이쁘고 발림성도 좋아요,5
2019년 01월 30일,굿,5
2019년 01월 29일,광고로 들어와어요,1
2019년 01월 29일,음.. 일단 별점 5개,5
2019년 01월 28일,정말 괜찮아요.,5
2019년 01월 28일,사용이 간편하고 좋아요 시간절약에 촤적화된 시스템임,1
2019년 01월 28일,111,5
2019년 01월 28일,편하고 좋네요,3
2019년 01월 27일,좀고 보상받으려고 ㅎㅎ,1
2019년 01월 27일,동시에 이마트 신세계백화점 등 상품을 한번에 볼 수 있어 편리합니다!,3
2019년 01월 27일,가격 대비 괜찮습니다. ^^ 배송도 겁나 빠르네용,3
2019년 01월 26일,쉽고 빠르게 결제 할 수 있어서 좋아요,5
2019년 01월 26일,쇼핑하기 적합해요 결제방식도 다양해서 쓰기 좋고 쿠폰도 쓰기 좋네요,3
2019년 01월 25일,쓰레기 ㅇㅈ,1
2019년 01월 25일,개꿀ㅋㅋㅋ너무좋은데여 오늘첨쓰는데,4
2019년 01월 25일,솔직히 이거 좀비고 가스받으력ㅎ 하느거에요,3
2019년 01월 25일,캐시워크 때문에 깔았는데 캐시워크랑 연결이 안되네요,1
2019년 01월 25일,정말 좋은 어플입니다 가격도 저렴하고 배송동 무배에 빠릅니다 추천합니다,5
2019년 01월 24일,왤케 광고를 하니 작작하자 우리 초.딩은 알다시피 돈이 없거든,1
2019년 01월 24일,자꾸 앱중지되면서 꺼지길래 다시깔았는데 열리지도않음ᆞ!!!!!!!,1
2019년 01월 24일,배송은 간편하고 좋은데 결제가 무통장입금이 왜 없나요. 내가 못찾는건가...ㅠ,5
2019년 01월 23일,어렵지않고 손쉽게 장보기하니 무겁게 들고 오지 않아도 되서 너무 좋네요,5
2019년 01월 23일,제품도 아주 만족해서 기분 좋아요,5
2019년 01월 23일,여러가지 다되고 할인도 마니되고,1
2019년 01월 23일,계속 다르게 입력했다고 오류뜸,5
2019년 01월 22일,아기데리고 장보러가기 힘든데 주문하면 현관까지 가져다 주시고 너무 편하고 좋아요,5
2019년 01월 22일,이벤티쿠폰도 많이 나오고 유용하게 쓰고있네요,5
2019년 01월 22일,좋아요,5
2019년 01월 21일,좋음,5
2019년 01월 21일,알리익스프레스보다 배송이 늦고 제품아 지금 어떤 상태인지 파악도 못함. 1:1고객센터 톡은 즉시 확인 한다고 하고 빨리 알아봐주겠다고 대답하고 30분뒤에 아무런 말없이 1:1톡방에서 나감..,1
2019년 01월 21일,쿠폰써서좋아요,5
2019년 01월 20일,왜 이렇게 느린겁니까? 버그 ? 오류?,1
2019년 01월 20일,결제하기에서 안넘어가네요..,1
2019년 01월 19일,종종 사용하는데 사용함에 있어 크게 무리가 없습니다.,5
2019년 01월 18일,ssg pay 결제시 결제창 안뜸.,1
2019년 01월 18일,편해욤 엘롯데 보다 나은듭,1
2019년 01월 17일,배송도 빠르고 제픔도 좋습니다,4
2019년 01월 16일,비밀번호 변경을 위해 여러번 인증 하고 완료가 되었다고 해서 로그인을시도 했으나 로그인이 안돼서 삭제 하였습니다. 다시는 사용 안할거 같네요.,1
2019년 01월 16일,"헬*펫,좀*비고 등등으로 깔아서 캐시,쿠키,가스 등이 안 들어오셨다고 하는데요. 그건 그 앱의 문제고 이 앱에서 해결 할 수 있는게 아니에요. 그 앱이 이 앱을 광고로 설치하라고 한거지, 캐시가 안들어왔다고 평점 낮게 주는건 그 앱에게 망신을 주는 행동입니다만? 이 앱이 아니라 그 앱에게 따져야 할 문제에요~~ 이거참 스알못이네 ^-^.. 저도 타게임으로 넘어왔긴 하지만 리뷰보니까 쓰레기리뷰들이 많길래 해보지는 않았지만 별5 남기고 갈게요 :)",5
2019년 01월 16일,신세계 브랜드답게 좋은 상품 선택할 수 있었고 지인 분들께 선물했습니다,5
2019년 01월 16일,편하게 쇼핑 할 수 있어서 좋아요.,5
2019년 01월 15일,좋다,5
2019년 01월 15일,괜찮아요 ~~♡♡,4
2019년 01월 15일,결재시 이것저것 선택이되어 좋음,5
2019년 01월 15일,편하고 좋아요,5
2019년 01월 14일,좋아요 이제 자주 이용할듯합니다,4
2019년 01월 14일,12미니 로그인 계속 풀려요 로그인 할때마다 자동 로그인은 계속 체크 되어있어요,3
2019년 01월 13일,헬로펫때문에깔알어요,1
2019년 01월 13일,"전 신세계와 이마트의 성장성을 믿고, 신세계그룹에 애정을 갖고 투자하는 주주입니다. ssg페이, 쓱배송 해보니 정말 좋은데요 앱 속도가 느린건 반드시 개선해야할 문제라 판단됩니다. 쇼핑을하는데 약간 답답하고 버벅거리는 느낌을 받는다고할까요?? 경쟁사 유통업체 쿠팡은 앱속도 매우빠릅니다. 제품 품목수도 많고, 가격제한없이 로켓배송도 하고있구요. 어플의 버벅거림개선, 쓱배송 가격한도조정, 품목확대만 된다면 좀 더 한국 소비자들이 더욱 매력적으로 다가오지않을까 생각합니다. 혹시 이글을 담당자분이 보신다면 한번 건의해주시면 감사하겠습니다^... 전체 리뷰",4
2019년 01월 13일,할인기회에 구매 결정합니다,5
2019년 01월 13일,정말 빠르고 편합니다 굿,2
2019년 01월 12일,좀고땜 깔음 바로지움,1
2019년 01월 12일,고객상담하다가 종료된지도 모르고 혼자 상담하고 있었고 재고 관리도 제대로 되지 않는 앱입니다. 다른 큰 쇼핑몰의 수준을 기대하고 사용하지 않는 것이 정신 건강에 좋습니다.,1
2019년 01월 12일,조말론 향수 구입!! 향수 워낙에 가짜가 많아서 ssg에서 믿고 구매합니다,4
2019년 01월 12일,편리하네요,5
2019년 01월 11일,짱 이에요,5
2019년 01월 11일,카카페 캐시가 안들어오네요 앱 잘못이 아닌건 아는데 아무리 기다려도 안들어옵니다,1
2019년 01월 11일,오류가 넘 심해요,3
2019년 01월 10일,핼로팻 땜에 깔았는데 쿠키가 빨리안들어오네요 게다가 쿠폰받았는데 바로 품절? 지웁니다 용량낭비네요,1
2019년 01월 10일,좋아요 엄청나게ㅡ,5
2019년 01월 10일,첨 이용해봤는데 결제수단을 다양하게 지정할 수 있어서 편리하네요!?-,5
2019년 01월 10일,잘 사용하고 있어요~ 매우 만족합니다.,5
2019년 01월 10일,항상만족합니다.배송시간도 정확해서 좋구요.,5
2019년 01월 09일,"결제ui불편, 배송시간 지정도 안되네요",5
2019년 01월 08일,헬로펫때문에 앱까는데 다운로드중 다운로드중 이러면 앱을못깔고 0퍼센트 되잖아요. 빨리좀 해주세요,1
2019년 01월 08일,신세계 포인트 사용하려고 인증하고 비밀번호 입력하는 것만 10번쯤 시도했습니다. 인증 다 마치고 제일 마지막 인증완료만 뜨면 되는데 그 단계에서 계속 창에 아무 것도 안뜨고 완료가 안되네요.,5
2019년 01월 08일,오반장등 행사통해 저렴히 구매할수 있어 좋아요 쿠폰도 많구요~,5
2019년 01월 08일,완전 편하네요 굿굿,5
2019년 01월 07일,"품절 4일만에연락오네,,,,",1
2019년 01월 07일,쓸때마다 로그인을 해야 하네요 너무 불편 ㅡㅡ 이럴거면 뭐하러 어플 써요?,1
2019년 01월 06일,카카오 페이지 캐시 받으려고 깔았는데 로딩이 좀 느리네요,2
2019년 01월 06일,음 카카오페이지때문에 깔앗는데 캐시받기가 늦게 들어왓네요 상품은 다양하게 있는데 속도가 느리것같아요,3
2019년 01월 06일,너무 잘 애용하고있어요^^ 간혹 들어오면 이벤트도 자주 하는 거 같고 믿고 구매하니 좋은 상품들만 신경써서 올려주시고,5
2019년 01월 06일,모든게 편하고 좋아요,4
2019년 01월 06일,굿굿,5
2019년 01월 05일,헬로펫땜에 깔음 ㅅㄱ,1
2019년 01월 05일,저도 핼로팻떼매 까름,1
2019년 01월 05일,헬로팬때문에깔았어요.,1
2019년 01월 05일,장바구니에 들어가면 최신 구매한 것을 상담으로 오게 해주세요 다른 오픈마켓처럼!,5
2019년 01월 05일,다른사이트보다 저렴하녜요,5
2019년 01월 04일,헬로폣 때문에 깔았어요.최악입니다,1
2019년 01월 04일,다양한몰 과,4
2019년 01월 04일,색갈이쁘겠쬬 선물 줬어요 선물포장도 예뻐요,5
2019년 01월 03일,좋아요,5
2019년 01월 02일,가까이있어서좋아요~~,5
2019년 01월 02일,맞춤형,5
2019년 01월 01일,별로네요,1
2019년 01월 01일,간단하게 집에서 백화점내의 거의 모든 상품들을 보다 저렴하게 구매할수있어요. 잘 사용하고 있습니다.,5
2019년 01월 01일,지하철에서나 사무실에서나 길을 걷다가도 사야할 물건이 생각나면 쓱ㅡ하면 순식간에 해결 되지요~~~,4
2019년 01월 01일,장보기 귀찮을때 무거운짐 부담스러울때 최고입니다 감사합니다,5
2019년 01월 01일,가격최고~ 제품도 최고~ 배송도 빨라서 종네요^^ 정말 잘산것 같아요,3
2019년 01월 01일,간편하고 좋네요^^,1
2019년 01월 01일,냉무,1
2019년 01월 01일,으 속터져,4
2019년 01월 01일,사용하기편해여,4
2019년 01월 01일,너무 좋아요.,5
2019년 01월 01일,죠은가격에 산듯요~~~ 물건도 좋길 기대해 봅니다,3
2018년 12월 31일,편리하고 좋습니다 안써보신분들은 추천드립니다,5
2018년 12월 30일,티비홈쇼핑 찾기가 좀 어렵네요,5
2018년 12월 30일,편하고 혜택도 주고 좋아요,3
2018년 12월 28일,대에박 아침에 시켰는데 오후에도착하다니 둘째가아픈데 암것도먹일게없는데 아픈아이데리고시장가기힘들어 쓱배송을시켰어요,5
2018년 12월 28일,오늘 처음구매하는데 참 쉽게 되어 있어 편리 하네요,5
2018년 12월 27일,"아이폰 유저인데, 쓱페이 할인 및 쓱페이와 연동하면 결재도 빨라서 좋아요.",5
2018년 12월 27일,앱구성이 좋아요,5
2018년 12월 27일,간편하게 구매할구 있어서 편리하네요,5
2018년 12월 27일,편리하게 쓱~~ 좋아요,5
2018년 12월 26일,배송안내와 배송속도가 빠르며 직원들의 고객위주 응대서비스가 좋습니다 택배기사님들도먀우 성실하시며 서비스가 좋습니다 배송후 반품 교환 처리와 서비스도 매우 탁월하여 구매에 안심됩니다.,5
2018년 12월 26일,다른몰들은 앱을 여러개 깔아야하지만 이건 하나만 깔면 통합되니 조으네요,5
2018년 12월 26일,링크 연계 잘 되어 있어 좋습니다,5
2018년 12월 26일,어색했어요 처음에~,5
2018년 12월 26일,다양한 제품에 만족,4
2018년 12월 25일,카톡페이도ㅠ안되고 무통장동 번거로움,5
2018년 12월 24일,겜골드땜에 깔음..ㅈㅅㅈㅅ,5
2018년 12월 24일,포인트 비밀번호 인증 계속 오류나고 짜증,5
2018년 12월 24일,구매목록지워주세요,5
2018년 12월 24일,완전 좋아요,5
2018년 12월 23일,쇼핑 하기가 편리해졌내요,4
2018년 12월 23일,고객센터 일 진짜 못함 속터짐 자기들이 잘못하고 뒷처리는 고객이 알아서~^^ 두번다신이용안함 맘같아서는 빵점주고싶음,5
2018년 12월 23일,아주 좋은 조건으로 구매하게 되서 좋네요,5
2018년 12월 23일,"그런데 말이죠 로딩창에 굳이 그걸 봐야하나요 ㅠㅠ 매 로딩마다 그 느리고 이미 사용하고있는 사람들에게는 쓸모없는 장면을 보는 괴로움, 이해해주세요...",5
2018년 12월 23일,정말 말그대로 신세계입니다,1
2018년 12월 22일,안녕 부족전쟁 왔던얘 것. 하지만 그. 이. . 빵꾸똥꾸야. 이 대통령은 특히 이번 학기 동안 잘 안 되는 일 있으면 언제든지 연락주시기 것 같은 느낌 물씬 나는 그 동안 운동 열심히 하면 좋을 듯 하지만 그. 이. . 빵꾸똥꾸야. 이 같은 내용의 공문을 보낸 것 아니냐는,5
2018년 12월 22일,상품권 전환이 안됨,1
2018년 12월 21일,신세계 이마트 트레이더스 등 한눈에 구분좀되게해주세요~~~~~ 넘불편합니다ㅡ,1
2018년 12월 21일,많아서 좋네요,1
2018년 12월 21일,ㅣㄱ,5
2018년 12월 20일,저렴하고 좋네요,5
2018년 12월 20일,쇼핑부터 결제까지 한번에 쓰윽 좋은데요,5
2018년 12월 20일,간편하구 좋은것 같아용,5
2018년 12월 20일,역시어플잘만듬,4
2018년 12월 20일,너무너무조아요!!!,5
2018년 12월 20일,별루,5
2018년 12월 20일,좋아요,5
2018년 12월 19일,처음이라서 잘 모르겠어요,5
2018년 12월 18일,앱 다운로드가 더뎌요~,5
2018년 12월 18일,생소한 방법이 있다면 바로 합니다,4
2018년 12월 18일,시간낭비입니다.최악입니다,1
2018년 12월 18일,좋아요,5
2018년 12월 18일,굿,5
2018년 12월 18일,개선,2
2018년 12월 18일,이앱을 왜깔았지...,1
2018년 12월 18일,배송은 좀 늦어졌지만 상품은 정말 최고입니다.,1
2018년 12월 18일,쉽고 편리해요~ 대부분 최저가라서 믿고 주문합니다~,5
2018년 12월 18일,브랜드 별로 제품군이 다양하고 제품 사진과 국내사이즈로 변환 되어있어 구매로 이뤄지기가 좋습니다 이번에 샌들 구매 할 때 보니,5
2018년 12월 18일,롯데카드 엘페이나 앱카드 결제 안됨,5
2018년 12월 18일,싸고 좋아요,5
2018년 12월 17일,근데 사만원이상 무배라 별하나 뺄라 했는데 안되네요 ㅎ,3
2018년 12월 17일,장바구니에 이유없이 1이 뜸.. 혹시 몰라서 확인해보면 비어있는데 다음날 또 장바구니에 1 표시.... 이거 매일 낚이는 기분이라 별1도 아까움.,5
2018년 12월 16일,어이 님들아 관리똑바로해라 3일전 물품올라와있는거 구매했다 근데 물품배송밀린다길래 참고기다렸다 급해서 빨리했어야하는상황인데 오늘와서야 물품이 품절됬다는 연락이왔는데 이게말이돼냐? 정신차리고살아라 이게무슨피해임 시간5일날리고 쿠팡에서산다 이렇게살지마라 손님을 무슨 흙으로보나 품절된걸 왜 올려두고난리피는거임? 시간은 보항도 쳐안해줄꺼면서 이따구로 할꺼면 앱을만들지마셈;;,1
2018년 12월 16일,감사합니다,4
2018년 12월 16일,앱 사용도 편하고 SSG결재 시스템도 오류 없이 빠릅니다 더욱 많은곳에서 결제를 받으면 좋겠습니다,5
2018년 12월 16일,선물 받아서 쓰는데 편하고 좋아요,5
2018년 12월 16일,다 들어있는 어플도 백화점 같아서 사용하기 편하네요.,5
2018년 12월 16일,알림허용을하니 할인쿠폰 할인적용요일 등등 대박인득 ㅋㅋㅋㅋㅋ 좋아욤,5
2018년 12월 16일,친절하고 편리한앱입니다^^,5
2018년 12월 16일,자동로그인해도 자꾸 로그아웃 되어있어서 매번 너무 불편해요,5
2018년 12월 16일,장모님께서 연세가 있으신지라 건조기를 처가댁에 투척했더니 모두들 좋아하시네요~~~감사해요 SSG.COM,5
2018년 12월 15일,이상한 언어로 한글 파괴 하지말고 제대로된 말로 CF 찍어라. 한심하다.,1
2018년 12월 15일,SSG 비싸다고 생각했는데 아니네요~^^,5
2018년 12월 14일,이런 앱 만들어 소비자 정보 털 생각하지말고 있는 웹베이스에서나 장사 잘 하시지요,1
2018년 12월 14일,"강제 취소되네요.. 요즘 경제활동이 활발한데.,",3
2018년 12월 14일,신세계 쇼핑 좋아합니다 편리하고요 자주이용합니다 백화점 갈 일이없죠,5
2018년 12월 13일,타사 인터넷쇼핑몰보다 상품의 상세정보가 잘 표기되어있고 상품 분류또한 알아보기가 쉬운것 같습니다,4
2018년 12월 13일,늘 친절히 배달해주신 분들께 감사드립니다.^^,5
2018년 12월 13일,결제하려다 쓰러질듯 내돈 내가 쓰는데 짜증지데루이네요~~~~,5
2018년 12월 13일,최고의 앱입니다,5
2018년 12월 12일,나중에요...,3
2018년 12월 12일,정말 편하고 쉬운 앱이예요. 늘 장볼때 애용합니다. 좋은앱 감사해요^^,5
2018년 12월 12일,기대하고 있습니다!!,2
2018년 12월 12일,가죽이 부드러워요 싸게사서 좋네요,5
2018년 12월 11일,UI가 너무 복잡해서 직관적이지 않고 너무 많은 것을 넣으려다보니 심하게 버벅거린다... 더 사양 안 좋은 폰에서는 돌아갈 수 있나 의심됨. for you 브랜드 같은 건 없앴음 좋겠다. 오래 클릭해서 장바구니로 보내는 것도 직관적이지 않고 찜버튼이 아니라 장바구니 버튼이 제일 위에 있어야하지 않나 싶음. 아무튼 과유불급 + 정말 너무 느리고 버벅대서 빡친다... 물건이 많아서 어쩔 수 없이 쓰는데 진짜 짜증ㅋㅋㅋ 기능 좀 빼라,1
2018년 12월 11일,더럽게 복잡하네,2
2018년 12월 10일,쥬우~~~ 타^^!,4
2018년 12월 10일,최고네요,5
2018년 12월 10일,올때마다 똥씹은얼굴로 와서 반말 찍찍하고 씅내고 가네 대치동 배달하는 시라소니 닮은사람 고객센터 연락 해야하나 볼때마다 가분나뻐,5
2018년 12월 10일,제가 제돈 내고 욕먹어야 하나요;; “왜 배달을 시키냐 씨발년” 이러시면서 가시네요. 서비스 대단합니다.,4
2018년 12월 09일,편리한거 같아서 좋은데요,4
2018년 12월 09일,쓱 페이 말고도 좀 더 간편하게 만들 수 있지 않았을까 싶네요.,3
2018년 12월 09일,빠른배송과 좋은 제품들을 배송받을 수 있게 해주셔서 감사합니다:),4
2018년 12월 09일,어플에서 주문하기도 편하고 배송도 빨라서 좋아요...,1
2018년 12월 09일,주문하기 정말 간편하고 좋습니다~^,5
2018년 12월 09일,최고,1
2018년 12월 08일,꺼져!,5
2018년 12월 08일,진짜너무별로임,1
2018년 12월 08일,친정와서 아기 분유가 똑 떨어져서 사러가려니 미세먼지도 너무 심하고 시간이없어서 큰일ㅇ다했는데 당일에 배달되는 쓱배송덕에 살았어요. 분유 주문했더니 아기배려해서 문앞에 두시고 문자주시는 센스까지. 감동입니다.,5
2018년 12월 08일,"여성정장세트 를 검색했는데 남성정장, 캐주얼 제품이 같이 검색되고, 결국 원하는 상품을 보기위해서 한참 스크롤해야 볼수가 있네요",5
2018년 12월 08일,폰으로 사용할땐 다 좋은데 패드로 사용하려면 폰사이즈로 나오네요...,5
2018년 12월 08일,지마켓 옥션 자주이용하는데 쿠폰적용이 많고 쿠폰을 많이 뿌려서 자주이용중 ssg도 쿠폰 자주 뿌렸음하네요,4
2018년 12월 08일,훌륭합니다,5
2018년 12월 07일,개 쓰레.....,1
2018년 12월 07일,편리한 장보기 기능 빠른 당일 배송 너무 좋습니다,4
2018년 12월 06일,간단하게 콕콕 체크하고 결제하고 좋아요,4
2018년 12월 06일,쵝오에영 가격깡패,1
2018년 12월 05일,오 베리굿,5
2018년 12월 05일,품절된 제품을 구매하게해놓코 배송문의하면 없다고 취소하라고함,1
2018년 12월 05일,찾고있던제품을구매할수있어서좋았어요 배송도엄청빨랐구요 너무좋아요,5
2018년 12월 05일,모바일앱이 통합되어 있어서 사용이 편리해졌어요. 자주 애용할게요^^,5
2018년 12월 05일,하나 들어가려면 통해서 가는 창이 너무 많아요 좀더 간결하고 깔끔하면 좋겠어요,3
2018년 12월 05일,조금 불편해요,5
2018년 12월 04일,오케이,4
2018년 12월 03일,굿,5
2018년 12월 03일,좋아요ㅡ,5
2018년 12월 02일,♡같네 쿠폰준다기에 한번 다운받았는데 결제 겁네 힘드네. 정보는 쪽 빨아먹고 ㄲㅈ,1
2018년 12월 01일,빠르게 집앞배송해주는 오반장 쓱배송덕분에 요즘 편하게 쇼핑하고있어요~ 매장행사기획전도 동일하게 행사오픈되면 더 좋을것같아요~,1
2018년 12월 01일,멋저요,5
2018년 11월 30일,너무 편하고 좋아요~~^^,5
2018년 11월 29일,좀 재미였요,1
2018년 11월 29일,좋아요,5
2018년 11월 29일,한번에 배달 마음에 쏙,4
2018년 11월 29일,기존에 이마트몰 어플로 3년넘게 주문하다 오늘!! SSG.Com어플로 처음 구매해봤네요 몰에서 검색안되던 물건이 쓱엔 있더라구요~ 생필품이나 장거리 장보기엔 몰이 아직 편한데 쓱어플에 몰이 포함된 개념인줄로만 알았는데 가격이 달라서요~ 할인율이 다른거 같기도 하네요~~ 적응해보겠습니다~~ 혜택만 더 있다면요^^,5
2018년 11월 28일,카카오페이지땜에 깔았는데 캐쉬안줌. 깔지마세요,1
2018년 11월 28일,아주 좋은 정보 공유할수있도록 함께 즐겨보아요,5
2018년 11월 28일,많은 도움이 되겠네요,4
2018년 11월 27일,진짜 너무 별롭니다. 별로인것도 모자라 쓰고 싶지도 않네요. 결제 확인도 안되어서 4번을 반복했는데 계속 결제가 안되어서 결국 다른곳에서 사야하네요. 정말 최악 입니다.,1
2018년 11월 27일,생각보다 너무 이뻐요 앙증맞은 사이즈에 아까워 사용 못 할수도 있겠지만 크리스마스 분위기를 연출해줘서 감각적인 디자인에 박수를 보내요👍,5
2018년 11월 27일,결제방법이 실시간계좌이체 불편하네요. 어플깔아야되고 복잡해요.,1
2018년 11월 27일,아기분유압타밀때문에 이용해요좋아요,5
2018년 11월 26일,굿!!,5
2018년 11월 26일,좋아요,5
2018년 11월 26일,편리합니다,5
2018년 11월 26일,Very good,5
2018년 11월 25일,헬로펫 때문에 깔았다 지웠습니다 죄송합니다 그리고 고맙습니다,5
2018년 11월 25일,넘나 편해요! 이거 진짜 편리하네요. 이제 폰만으로도 주문 완료!,5
2018년 11월 25일,자*남녀 때문에 와써요~~,1
2018년 11월 25일,토레타가 좋다 ~ 랄라랄랄라랄랄라!,5
2018년 11월 25일,상품 검색을 다양하게 할 수 있어 좋았습니다.,5
2018년 11월 25일,자주 먹는 식품 주문할때 매우 유용해요,5
2018년 11월 25일,잘만듬,4
2018년 11월 25일,삭제,5
2018년 11월 24일,쓰싹쓰삭 소삭시쓱 쓱시소사,5
2018년 11월 24일,필요한걸 추천해주고 알려줌,3
2018년 11월 24일,하오~,5
2018년 11월 23일,좋아요,5
2018년 11월 23일,집에 휴스톰물걸레사서써보구 넘좋아서 엄마도 주문해드렷어요^^,4
2018년 11월 22일,굳,5
2018년 11월 22일,완전 대박 대박 좋아요. 표시를 할 것 같습니다. 그리고 그 속에서 진행됐다. 이날 방송에서 멤버들은 각자 맡은 배우 겸 가수 비 오는 날.,1
2018년 11월 22일,한눈에 보이게 배치가 잘 돼있어요,1
2018년 11월 21일,자주 쓰는데 시간 지정이 잘되서 좋아요 가끔 시간을 안지키시는 경우도 있지만 전체적으로 만족이요,4
2018년 11월 21일,앞으로 자주 이용할려고 합니다,4
2018년 11월 20일,매장에서 구매한 재품이 여기는 없어서 다른거 주문하긴 했어요 매장과 동일 재품좀 구비해주세요,5
2018년 11월 20일,더운여름 집에서 편하게 받아볼수 있어서 너무 좋아요,4
2018년 11월 20일,만족합니다.,2
2018년 11월 20일,좋아요,1
2018년 11월 19일,나이쯔,5
2018년 11월 18일,헬로펫땜에..ㅎㅎ,3
2018년 11월 18일,잘사용할게요,4
2018년 11월 18일,하루에도 몇번씩 들어가서 물건 보고 가격 보고.. 아주 가끔 강제종료되긴 하지만 ssg만한게 없어요.,5
2018년 11월 18일,명절이라 여러번 실행하여 됐지만 편리하게 잘 이용합니다,5
2018년 11월 17일,배송짱,5
2018년 11월 17일,감사합니다,5
2018년 11월 17일,좀어렵네여,4
2018년 11월 16일,카0오페이0 땜에옴,3
2018년 11월 15일,앱이 자꾸 꺼져요 그냥 뚝.. 꺼져버려요 그리고 솔팅이 다 단순해져버려서 쇼핑이 불편해졌어요 아기옷 사는데 최소한의 남아/여아 조차,5
2018년 11월 14일,저같은 귀차니스트들에게 추쳔! 여러곳 들를 필요없이 믿고 씁니다 ^^,2
2018년 11월 14일,편하게 쇼핑할수 있어 좋네요,3
2018년 11월 13일,좋아요.,5
2018년 11월 13일,한번 사용한 후부턴 앱으로만 결제하네요 ㅋㅋ,4
2018년 11월 13일,상품권도 쓸수있고 편리하고 좋네요,5
2018년 11월 13일,아쥬 저렴하게 잘샀어요 ㅡㅡ,4
2018년 11월 12일,굿~^^,5
2018년 11월 12일,"카카오톡 페이즈 때문에 한거 , 운삔부계",1
2018년 11월 12일,다양한 상품과 원하는 시간 쓱배송까지 편리하게 이용할수 있어서 너무 좋아요,5
2018년 11월 12일,할인하는 제품등이 한눈에 딱! 들어오지 않아서 힘들어요,5
2018년 11월 12일,매주 일요일 저녁 쓱 주문하면 월요일 저녁 ㅆ 배달,4
2018년 11월 11일,잘 사용하고 있어요 ~~,5
2018년 11월 11일,다운로드가 않되여,5
2018년 11월 11일,마음깊이 품었던 카메라를 소장하게되었네요 저렴하게 구입할 수 있어서 감사드립니다 잘쓰겠습니다.,5
2018년 11월 11일,입고가 안되어서 많이 기다렸어요 지금이나마 구입을 해서 좋아요,5
2018년 11월 11일,가격은 최저가에 사서 기분이 나쁘지 않으나 왜 쓱머니랑 연동이 안되어 있는건가요? 연동이 안되었다쳐도 연동하는 과정이 매번 들어가서 패스워드를 입력해야하는데 패스워드를 하나 치고 누르고 반복 하더라구요,5
2018년 11월 11일,이앱덕분에 닥터파베 프리미엄배게를 싸게샀어요,5
2018년 11월 10일,굿,5
2018년 11월 10일,카카오페이지 때문에 한거다,1
2018년 11월 10일,"내 손안에서 백화점을 가고 마트를 가고, 안전하게 결제도 하고 쇼핑이 즐겁고 다양해 졌어요 ^^",5
2018년 11월 10일,설명을 쉽게 부탁합니다,4
2018년 11월 10일,좋아요좋아요좋아요,5
2018년 11월 09일,뭐죠..설치를 하고 별루여서 지웟는데 지워졋으나 창에 계속 제거중이라도 뜨네요...이런거 싫어하는데 어떻게 하나요..,1
2018년 11월 09일,굿,5
2018년 11월 09일,"광고 알림 푸쉬를 받아서 누르면 앱이 실행되는데, 그때마다 ssg계열 브랜드 스플래쉬 화면이 뜨는게 과도합니다. 느리기도하고요. 할인광고 노티 누르면 상품페이지 바로바로 뜨도록 개선해주세요",3
2018년 11월 09일,디자인도 예쁘고 구독력도 좋으면서 편리합니다.,5
2018년 11월 09일,광고로만 접했고 직접 구매해 보지 않았는데 첨 구매해 보니 정품들을 가장 저렴한 가격에 구매했어요 너무 뿌듯합니다!!,5
2018년 11월 09일,진짜 할인이나 얼마나해준다고욕나오네.. 날더워서 안나갈려고 했다.. 마트배달로 아침부터 열받긴 처음 카드결제가 이렇게 힘들줄이야..,5
2018년 11월 09일,전반적으로 괜찮아요^^,4
2018년 11월 09일,역시 쓱 보기좋고 젛아요,4
2018년 11월 08일,확대 보기가 있으면 좋겠네요,5
2018년 11월 08일,그러나 택배사가 한진인 것이 너무 마음에 안드네요ㅠㅠ CJ이였음 좋겠습니다 그래도 상담원도 친절하고 너무 좋아요^^,5
2018년 11월 07일,좋긴좋은데 이벤트가 좀.....,4
2018년 11월 07일,그런대로 갠찮은데..,5
2018년 11월 07일,굿굿,3
2018년 11월 06일,저랑 안 맞아요 ^3^,1
2018년 11월 06일,좋아요,5
2018년 11월 06일,조하나앙영,5
2018년 11월 05일,지금 이 리뷰 쓰는 시간이 아깝. 별 하나 조차 아깝.,1
2018년 11월 05일,안좋아요,1
2018년 11월 05일,가볍고 좋아요 잘만들었습니다.,5
2018년 11월 05일,너무 불편하고 인터넷하고 너무 달라요,5
2018년 11월 05일,주문하기 편리하고 검색도 빠르며 좋아요~,5
2018년 11월 04일,👍,5
2018년 11월 04일,카테고리가 한눈에 쏙~~~들어오네요 검색(초성찾기)너무 쉬워서 시간순삭!!! 앞으로 오프라인매장 안가도 필요한 제품 손쉽게 구매할 수 있겠어요 감사합니다,5
2018년 11월 04일,아이폰으로 만지는데 화면 컨트롤 좀힘듬 확인버튼이 가려져서 나오는등 이상한점들이있음,1
2018년 11월 04일,생리대를 저렴하게 사서 너무 좋아요 ㅎㅎ,4
2018년 11월 03일,좋은 정보 많이 주세요 감사합니다,4
2018년 11월 03일,그럼즐기세요,5
2018년 11월 03일,앱이 맘에 들지 않네요,1
2018년 11월 03일,헬로펫 때문에 깜ㅋㅋㅋㅋ..........,3
2018년 11월 03일,편리해요,5
2018년 11월 03일,맘에 안 들어요,1
2018년 11월 03일,카느만들면 3만원 쿠폰 준다더니 못쓰는 쿠폰을 줌,5
2018년 11월 03일,배송이 빠르고 상품이 믿을 만함,5
2018년 11월 02일,할인이라거나 다른부분은 괜찮으나 품절기재가 되어있지않아서 두번이나 강제 주문취소됐습니다. 시간낭비만 한 것 같아요,2
2018년 11월 02일,워킹맘에게 좋습니다 항상 잘 이용하고 있어요,5
2018년 11월 01일,굳...좋아요,5
2018년 10월 31일,걍 기억조작톡땜에 깔았는데 뭔지모르겠음,3
2018년 10월 31일,님들 헬로펫땜에 깔았다고 하지마세요. 적어도 사람이면 다른사람의 기분 좀 해아리고 말해주시죠.,5
2018년 10월 31일,행사상품 내용 공유 부족,5
2018년 10월 31일,오류도 없고 사용하기 편리해서 항상 잘 이용합니다.,5
2018년 10월 31일,자주 사용하는중입니다.,5
2018년 10월 31일,쿠폰 왜 다 달라요?,4
2018년 10월 31일,왁싱바버굿굿,5
2018년 10월 30일,좋은갓같네요.,4
2018년 10월 30일,좋아요 유용하게 사용하겠습니다,5
2018년 10월 30일,좋아요!!!!!,5
2018년 10월 30일,구수구수ㅜ굿,5
2018년 10월 29일,😡😡😡😡😡😡😡,1
2018년 10월 29일,글씨가작아 글씨보기가힘듬 상품자세이 보려면 글씨가커야 자세이 이해하는데 글씨가너무작네요 돋보기쓰고 확대경이리니 앱에서 삭제 제거하고나간다.,1
2018년 10월 29일,이쁜이불 저렴하게 구매했어요!! 감사!!,2
2018년 10월 29일,여러 행사로 싸게 잘샀어요,5
2018년 10월 29일,지문은 안되고 결제도 다꾸 팅겨요ㅠㅠ,4
2018년 10월 29일,쓱맘에들어요,5
2018년 10월 28일,캐시왜안주나욤,1
2018년 10월 28일,첨에 헬로펫 땜에 깔았는데 진짜 저아요!,5
2018년 10월 28일,안녕하세요. SSG.COM입니다.,4
2018년 10월 28일,온라인쇼핑 다른 사이트비해 가격이 좀 비싼듯합니다,1
2018년 10월 28일,쓱 배송 정말 빠르네요,4
2018년 10월 28일,이것저것장바니에담고결제하려다보니 이마트몰에서도뭐가나눠져있어서택배비가따로따로되네요 여기사이트에서사면통합되서배송료를한번만청구하면좋겠어요,5
2018년 10월 27일,카카오페이지,3
2018년 10월 27일,굿,5
2018년 10월 27일,체육 고등학교 ㅠㅠ 정답지 사고만다 ㄹㅇ,3
2018년 10월 27일,감사합니다 ~~ 계속 믿고 주문할 마음이 생겼읍니다,3
2018년 10월 27일,너무 편하고 좋아요~~!!,5
2018년 10월 27일,"처가집 리모델링 기념으로 오래된 통돌이 버리고 세탁기 사신다기에 세탁기, 수납선반, 배관연장까지 풀셋트로 해드렸네요~ 아, 액체세제까지~^^ 우선 기존 통돌이공간에 들어가는 세탁기가 없어서 위치를 변경을 해야했고 급수라인을 맞은편으로 옮겼습니다~ 원래 짐을 정리하던 곳을 사용하지 못하기에 드럼세탁기 윗쪽에 수납할 수 있도록 수납장도 사이즈에 맞게 주문하려 설치하고 세탁기가 왔습니다~",5
2018년 10월 26일,좋아,3
2018년 10월 26일,ㅡ냥본인이가입해봐남에글신경쓰지말구,5
2018년 10월 26일,쓱머니 전환도 안됨 엄청시간낭비 왕짜증,3
2018년 10월 25일,짱,5
2018년 10월 25일,쇼핑엡 중 가장 체계적이고 편리합니다,5
2018년 10월 25일,팝업광고 닫기 없앤거네 개발자 인성,4
2018년 10월 24일,굿,5
2018년 10월 24일,정확해서 맘에 듬,5
2018년 10월 24일,편리하네요,3
2018년 10월 24일,굳,5
2018년 10월 23일,좋으네요,5
2018년 10월 23일,않좋아요ㅠㅠ,1
2018년 10월 23일,다른 건 다 좋은데 현재 이마트하월곡점은 일요일은 배송이 안되던데 토요일 저녁에 주문할 경우 월요일까지 기다려야 하는데 이부분에 대한 개선 검토를 부탁드립니다,5
2018년 10월 23일,방송보며 결제했어요~ 보기만해도 청소가 될것같은 시원한 기분~^^ 제품 받기전부터 기대되네요^^,5
2018년 10월 23일,쇼핑하기 너무 편한 앱!!!,5
2018년 10월 23일,좋다구요,3
2018년 10월 22일,굿굿!!!,5
2018년 10월 22일,간단하고~빠른배송,5
2018년 10월 22일,예전보다 통합이 되어있어서 주문 결제가 정말 편리하네요. 쿠폰할인은 많은데 막상 결제하려면 적용안되는게 많아요. 쓱배송이 있어서 자주 사용할것 같습니다~,5
2018년 10월 22일,최고!!,4
2018년 10월 22일,일반 상품권도 전환 부탁 스크래치만 되니 불편함,5
2018년 10월 20일,좋아요,5
2018년 10월 20일,화이팅 하세요,4
2018년 10월 20일,좀 정확햇으면,1
2018년 10월 19일,좋아요,5
2018년 10월 19일,이제 시작해볼랍니다.,4
2018년 10월 19일,어플 기능 좋습니다!,1
2018년 10월 18일,마소 땜에... 일단 바로 지울꺼임,3
2018년 10월 18일,SSG money 사용 안되네요 ㅡㅡ 본인인증 하라는데 회사 선택이랑 동의 체크칸 밖에 안떠요.,1
2018년 10월 18일,최애돌 때문에 깔았는데 좋네요,5
2018년 10월 17일,늘 편리하게 언제어디서나 간편하게 쇼핑 합니다,5
2018년 10월 17일,세 어플 서로 연결되있어서 편해요 좋아요 ㅎㅎ,5
2018년 10월 17일,편리하고좋아요,5
2018년 10월 16일,되게 좋아요! 굿굿,5
2018년 10월 16일,헬펫때문에 깔았어요,5
2018년 10월 16일,오늘 가입,3
2018년 10월 16일,개 좋은데?,5
2018년 10월 16일,메롱,5
2018년 10월 16일,전체적으로 편리함,3
2018년 10월 16일,별로,1
2018년 10월 16일,결제하기 편리하게 되어있어 좋아요,4
2018년 10월 16일,너무 자주 꺼지네요,5
2018년 10월 15일,카카오페이지,2
2018년 10월 15일,좋네요,5
2018년 10월 15일,산만,1
2018년 10월 15일,헬팻,4
2018년 10월 15일,"SSG앱이 처음 나왔을 때부터 쭉 사용해 온 유저입니다! 요즘은 광고를 통해서 더 많은 사람들이 사용하게 된 거 같아요. 그런데 초창기 때는 다른 백화점 앱에는 없는 다양한 브랜드를 볼 수 있어 좋았는데 그 후로는 리뉴얼이 잘 안되어서 점차 오래된 느낌이 들어요.. 옷 종류는 다른 어플로 갈아타게 되고, 이마트 구매를 위해서만 사용하게 되네요~",3
2018년 10월 15일,너무 잘 멈추고 오류가 많이 나네요 참고로 아이폰 7입니다...,5
2018년 10월 15일,^^앱편해서 좋아요,5
2018년 10월 14일,카**페**땜에옴,5
2018년 10월 14일,헬로펫땜에 함...,3
2018년 10월 14일,"굿!!!!!!!!!!!!!!!!!!!!!!!!!!!!!!!!!!!!!!!!!,",5
2018년 10월 13일,저렴한 가격-- 풍성한 할인혜택 감사합니다.,5
2018년 10월 13일,개선시급 사용자 입장에서 개선 하도록,5
2018년 10월 12일,저도 헬로펫 때문에 했어요^^,5
2018년 10월 12일,기억조작톡~,5
2018년 10월 12일,좋아요 편해요,5
2018년 10월 12일,아주 좋아요,4
2018년 10월 12일,원래 잘 사용안하다 요즘 사용하는데 ㅎㅎㅎ 은근 쇼핑이 늘었습니다.,3
2018년 10월 12일,좋아요,5
2018년 10월 11일,캐시워크~~~,5
2018년 10월 11일,안녕하세요 교수님,5
2018년 10월 11일,좋아요추천합니다 좋아요추천합니다 좋아요추천합니다 좋아요추천합니다,5
2018년 10월 10일,광고로만보다가처음써보는 앱인데 정말보기편하게잘되있는거같아서좋아요 자주애용할꺼같습니다~~~,5
2018년 10월 10일,빨음,5
2018년 10월 09일,헬로펫 땜 했다능,3
2018년 10월 09일,재미있어다 6번 박은성,5
2018년 10월 09일,마피아때매옴,5
2018년 10월 09일,헬로펫이든 뭐든간에 해보지도 않고서 낮은별점주며 뭐때문에 깔았다고하면 기분 좋겠어요?,5
2018년 10월 09일,초딩들아 이거 깔면서 무슨 앱때문에 깔았다하면서 별점테러하지 말고 그냥 가세요,4
2018년 10월 09일,카카페(카카오페이g)로 왓습니다!,3
2018년 10월 09일,좋아요,5
2018년 10월 09일,총합버전으로 다양한 쇼핑이 가능해서 좋아요,5
2018년 10월 09일,좋아요,2
2018년 10월 08일,저누운! 캐시위크땜에 함,3
2018년 10월 08일,헬로펫 땜에 했담..,3
2018년 10월 08일,깊고 풍부한 크레모소커피 땅볼입니다.,5
2018년 10월 07일,쓸만해요,5
2018년 10월 07일,헬로펫땜에 옴 ㅋㅋ,1
2018년 10월 07일,좋네요,5
2018년 10월 07일,이걸 원하는걸 바로들어갈수없이 한참찾고해야되서 불편해졌어요ㅠ 여러개를 다운받아야하는수고스러움은없지만..,5
2018년 10월 07일,"배송은 매우 편리하고 정확하지만 과일, 야채의 신선도가 좀 떨어집니다.",5
2018년 10월 06일,핼로팻땜애 함,1
2018년 10월 06일,결론은 치킨 땜에 깜,3
2018년 10월 06일,캐시슬라이드때문에했음^^,3
2018년 10월 06일,카*오*이* 때문에 왔음^^,3
2018년 10월 06일,헬로펫땜에함,1
2018년 10월 06일,감사합니다,4
2018년 10월 06일,너무 재미있어요,5
2018년 10월 06일,이어플깔고부터 전화번호따인거아니냐고 스팸전화라고뜬다고그러는데 뭐죠? 유출된거같은데 어플권한때문인가 카카오페이지 광고캐시받으려고에깔앗는데.. 깔지마세요,1
2018년 10월 06일,최고입니다. ^^,5
2018년 10월 06일,잘 모르겟어요 ㅜ,5
2018년 10월 06일,겜 돈때문에,3
2018년 10월 06일,"검색할때 등장하는 상세옵션에서 18개 이상 필터링 적용했을때 앱이 죽습니다. 또한 상세옵션 버튼이 검색바와 너무 떨어져 위치해있고, 검색결과 화면과 똑같은 하얀색 컬러라 처음에 상세옵션 버튼의 존재를 인지하기 어려운것 같습니다.",4
2018년 10월 06일,간만에 접속했는데 앱업데이트공지가 떠있어서 들어갔는데 업데이트가 안되요.. ios9버전쓰는데 어떻하란거죠!?,4
2018년 10월 06일,좋아요,5
2018년 10월 05일,좋아요,5
2018년 10월 05일,ㅇㅅㅇㄹㄴ솔고라로로2라삿ㅁㄹ낙ㅁㄹㅇ곰ㅁㄴ,5
2018년 10월 05일,대애애애박 ! 이렇게 간단한 앱이 있낭,5
2018년 10월 05일,메롱,1
2018년 10월 05일,고마워요,5
2018년 10월 05일,쿠폰도 많고 할인도 많이되는거 같아서 좋아요,5
2018년 10월 04일,좋아유,5
2018년 10월 04일,좋아요,5
2018년 10월 04일,Good,4
2018년 10월 04일,굿,4
2018년 10월 04일,첨엔 어떻게 하는건가 헷갈렸는데 사용해보니 편합니다 특히.상품권을 사러갈.시간이 부족한 저의 일과에서 봤을때 넘 편하게 주문결제 되어.좋습니다,5
2018년 10월 04일,보는 재미도 있고 가격도 잡고 마음도 잡다~. 현란한 마케팅 질려서 한동안 인터넷 쇼핑 안했는데 담백하고 부드럽게 넘길수록 짜임새 돋보이는둣 응원합니다,5
2018년 10월 03일,별로,1
2018년 10월 03일,앱 처음 실행시 로딩이 너무 걸리네요 쇼핑몰은 속도가 생명인데 계열 브랜드를 다 보여주다가 다른 편리한 쇼핑몰로 다 소비자 놓칩니다,2
2018년 10월 03일,앱 너무 느려서 폰 뚜드러 깨부수고 싶음 - s9+256 그리고 어플 느려 터진 주제에 상단바에 노출되는거 보고 두번 빡치네 ssgpay 어플후기를 여기다가 적었네 너도 써보진 않았지만 다르지 않을거라고 확신한다,1
2018년 10월 03일,감사합니다 ^^행복하세요♡,5
2018년 10월 03일,"홈피 구성이 다양해서 지루하지 않고, 쇼핑하는 즐거움이 느껴져요.",5
2018년 10월 03일,다양한 결재를 선택할수 있어서 좋아요~~,5
2018년 10월 03일,아주 편하고 좋아요!,5
2018년 10월 03일,^^,1
2018년 10월 02일,자주 들어올것같네요,4
2018년 10월 02일,띠용,3
2018년 10월 02일,짤 포인트 용 64원 개꿀,5
2018년 10월 02일,신세계 상품권으로 구입하기가 정말 힘드네요 ㅜㅜ,5
2018년 10월 02일,만족합니다 재구먀 여부는 사용해보거 생각해봐야겟어요!,4
2018년 10월 02일,필요한게 한번에 볼수있어서.넘조아요,2
2018년 10월 02일,쓱배송 없었으면 어쩔뻔..,4
2018년 10월 01일,나이스,4
2018년 10월 01일,광고보다는 정말 가성비좋은 상품으로 정렬했으면 좋겠어요,5
2018년 10월 01일,굿이에요,4
2018년 10월 01일,Good,5
2018년 09월 30일,굿,4
2018년 09월 30일,걍조아요,5
2018년 09월 30일,집에서 이마트 할 수 조타아^♡^,5
2018년 09월 30일,좀........,2
2018년 09월 30일,걍 좋음,5
2018년 09월 30일,첨 들어와서 어리둥절,4
2018년 09월 30일,감사합니다,4
2018년 09월 30일,주문서 배송받는 정보 중 구취인 이름이나 전화번호 둥 일부를 바꿀 수 있으면 편하겠습니다.,4
2018년 09월 30일,편하고좋네요 ㅎㅎㅎ,5
2018년 09월 29일,뭔 앱이 접속도 안되냐 ㅋㅋㅋㅋㅋㅋ,1
2018년 09월 29일,여러가지로 요용한 정보와 재미가있는 것,4
2018년 09월 28일,좋아요,5
2018년 09월 28일,ㅆmfprl,1
2018년 09월 28일,광고좀 그만해 ㅁㄸ놈들아....,1
2018년 09월 28일,조와여,5
2018년 09월 28일,굿,5
2018년 09월 28일,Good,3
2018년 09월 28일,장보기가 간편해졌네요~! 할인도 되고 좋아요,5
2018년 09월 28일,문구가 너무 오래 뜨는거 같아요 원래 앱이 더 편리했던것 같아요.,5
2018년 09월 27일,넘 쓰레긴듯..;,1
2018년 09월 27일,좋아요,5
2018년 09월 27일,전기요가 필요해서 처음 온라인으로 주문했어요. 사진과 설명만 보고 주문하는건데 .. 생각보다 쉽고 간편하게 되네요. 받을 상품도 기대됩니다.,5
2018년 09월 27일,최고네여,1
2018년 09월 26일,ㄷㄴㄷㄴㄷㅅ드,5
2018년 09월 26일,짤 땜에 하긴 했는데 잘 모르겠음,5
2018년 09월 26일,엄청 버벅거리는 프로그램. 타 쇼핑몰과 비교하면 아직 멀었고. 오류도 많음,1
2018년 09월 26일,배송 빠르고 품질 좋고 무엇보다도 가격이 저렴해서 매우만족합니다 주위에 적극적으로 추천드립니다,5
2018년 09월 26일,쿠폰이나 적립금 같은걸 많이주면 더 자주 이용하게 될거같아요~,5
2018년 09월 26일,너무 편하고 싸게 살수 있어서 좋네요,5
2018년 09월 26일,좋아요,5
2018년 09월 25일,더 보이스 에서 깔면 5100 코인줌,5
2018년 09월 25일,사용용이합니다.,5
2018년 09월 25일,앱이 안정적이에요 조금만 시간지나면 메인페이지로 돌아가는데 그만큼 보안이 좋다는 거겠죠.. 쇼핑이 쉽고 편해요 쿠폰이나 할인 안내도 잘 되어있어요,5
2018년 09월 25일,매번 간편하게 이용중입니다~,5
2018년 09월 25일,편하고 좋아요. 시스템이 직관적이네요,5
2018년 09월 24일,면접의 폭이 좁음,1
2018년 09월 24일,평점 잘못함 별로,5
2018년 09월 24일,별로,1
2018년 09월 24일,ㅋㅋ좋아,4
2018년 09월 24일,좋은곳이네요. 자주이용할게요,5
2018년 09월 24일,정말 좋아요,4
2018년 09월 23일,좋아요,4
2018년 09월 23일,엄청좋은것 같네요^^,5
2018년 09월 23일,처음엔 좀 되다가 요근래 계속 무슨 접속에러? 뜨면서 재시도 하면 재시도 하지도 않고 똑같은창뜨고 종료했다가 다시켜도 똑같고..심지어 재부팅후에도 똑같음..로그인도 이마트껀 안돼서 슥닷컴 앱으로 했는데 진짜 정내미 떨어지네,1
2018년 09월 23일,아들 런닝화로 최고입니다~~,5
2018년 09월 23일,가격대비 좋아요,1
2018년 09월 22일,짱,5
2018년 09월 21일,좋아요,5
2018년 09월 21일,"사용하기 편리하고 쉽고 좋습니다~~ 결제하기도 편하고, 쓱배송만 따로 볼 수 있어서 편리합니다.",3
2018년 09월 21일,좋습니다 굿굿,5
2018년 09월 21일,"예전부터 신세계 계열 온라인 쇼핑몰은 이용함에 있어서 소비자를 배려하지 못하는 주먹구구식 운영으로 늘 욕먹어오고 지금도 크게 개선된 건 없는 듯 하다. SSG PAY를 야심차게 출시했으나 오프라인 신세계 백화점에서는 전용 단말기가 고장나면 결제도 안되고, 직원들조차 페이에 대한 정확한 개념이 없어서 제대로 안내도 못한다, 게다가 온라인 쇼핑 중에 페이 사은행사에 대해 고객센타에 문의하면 그건 잘 모르겠다고 한다, 모르면 해당부서 담당자에게 문의해서 고객이 이해할 수 있도록 안내하는 것이 고객센터의 업무가 아닌지? 무조건 내가 모르는 건 우리부서 소관이 아니라며 전혀 진심이 느껴지지 않는 도움을 못드려 죄송하다는 앵무새같은 말만 반복하는 안일한 태도로 미루어보아 CS팀 교육이 제대로 이루어지지 않고 있는듯하다. 처음 SSG PAY로 온라인 결제를 시도하려는 고객을 위해 시뮬레이션 프로그램이나 안내 섹션을 만들 것을 강력히 제안한다. 그리고 SSG PAY사이트 혹은 앱과 SSG.COM이 연동되어야 행사 내용에 대해서도 제대로 숙지할 수 있고 고객입장에서 오해도 발생하지 않을 것 같다. 또한 시뮬레이션 결과 SSGPAY로 결제 시 총액이 일반카드 결제 후 청구할인보다 혜택의 폭이 더 적다. 그럼 누가 여기에 메리트를 느끼고 결제를 할지? 게다가 몇몇카드는 인식을 못해서 직접 입력해야 되고 여러모로 불편한 점이 많으며 손봐야 할 것이 많은 결제 시스템임.",5
2018년 09월 20일,ㅁ니멋대로 앱연결좀하지마 기분나쁘니까,1
2018년 09월 20일,네이버 아이디로 로그인을 하는 사용자입니다. 쓱 어플을 켤때마다 자동 로그인이 안돼있어서 장바구니 담거나 결제 할 때마다 네이버 로그인을 눌러야 하는 불편이 있습니다. 편하게 구매하려고 사용하는 어플인데 불편하고 귀찮아요!,5
2018년 09월 20일,"타쇼핑몰보다 제품 종류가 많아서, 다양하게 선택이 가능해 좋습니다~",5
2018년 09월 20일,재고 없으면 없다고 올려 놓던가 주문만 3번째 이번에도 재고 확보하겠다고 하는데 무슨 소비자를 똥으로 아는지.. 물량도 제대로 확인 안되는데 무슨 어플을 만들어서 판매하고 있는건지,5
2018년 09월 20일,직관적이고 사용하기 편합니다. 그런데 검색하다가 잠시 다른 앱 실행하다 돌아오면 다시 ssg 메인화면으로 돌아오네요. 대기모드로 들어갔다가 돌아오면 메인화면으로 돌아오는 것 같아요. 그래서 검색하면서 필터 걸어둔 거 다시 다 설정해서 찾아봐야해서 쇼핑을 포기하게 될 때도 종종 있네요;;,5
2018년 09월 19일,핼로팻 때문에 설치함 근데 뭐가뭔지 모르겟다,1
2018년 09월 19일,지금까지 이런일이 없었는데 오늘 오랜만에 앱 열고 선물 검색하는데 일정시간이 지나면 자꾸 앱이 종료됩니다. 자꾸 반복되니 너무 짜증나네요. 빠른 시정 부탁합니다.,3
2018년 09월 19일,대기업쇼핑몰이라 믿음갖고 구매하였지만 Q&A 등록시 고객센터로 전화하라는 컨트롤A C 같은 답변만 달아놓음,1
2018년 09월 18일,한번 써보게슴다,4
2018년 09월 18일,백화점에서 설명듣고 온라인에서 충분한 기본 툴 사양으로 저렴한 가격에 잘 구입했어요.,5
2018년 09월 18일,결재 머이리빡새냐 설치하라고하는것도많고 지저분하고 물건하나사는데 40분걸렷다 진짜 엄청 불편해서 안사려다가 마지막에 오류 없어져서 삿다.. 근래들어 가장 최악의 결재다,5
2018년 09월 17일,이마트 앱하고 통일하던지 쓸데없이 겹친다는 니낌?,3
2018년 09월 17일,노답..... 노답.....,1
2018년 09월 17일,원하는 시간에 원하는 물건이 원하는 곳으로 배송되어 너무 좋아요,5
2018년 09월 17일,색도 이쁘고 너무 좋습니다 강추,5
2018년 09월 16일,어.. 출석확인 은 어떠케 해욤??,3
2018년 09월 16일,아니 무슨 삭제하면 다시설치하라고함? 최악의 앱 ㅗ,1
2018년 09월 16일,앱 사용이 편하고 좋습니다. 현대카드 포인트 사용 이벤트도 넘 좋아요!!,5
2018년 09월 16일,결제시스템 진짜 짜증나요 상품권연동이랑 아이폰에서 이것저것 튕기고 아 도데체 결제한번 하는데 몇분이 걸리는거에여,5
2018년 09월 16일,제가 신세계에 아이디가 두개가 있나 봅니다 이제 알게 되었네요 웹 자동 로그인이 되어있다보니까.. 이번 어플이 아닌 온라인 검색 중 제품을 구매하게되어 주문 내역이 조회가 되지 않아 의아해하건 중에,5
2018년 09월 16일,편하고 좋네요ㅎㅎ 몰이동도 편하고 보기가 좋아요ㅎㅎ,5
2018년 09월 15일,..........,5
2018년 09월 15일,빡침,1
2018년 09월 15일,직접 마트 가는 것 보다 좋아요~,5
2018년 09월 15일,신세계답게 새로운 쇼핑의 신세계네여^^,5
2018년 09월 15일,좋아요,5
2018년 09월 13일,.,3
2018년 09월 13일,굿굿,5
2018년 09월 13일,한꺼번에 쇼핑할수있어 편합니다~,5
2018년 09월 13일,스타벅스 상품권 너무 좋아요~,5
2018년 09월 13일,"고품격 브랜드,품질좋은제품 등 믿고구매하는 SSG! 모든 신세계 계열 포인트 합산도 최고👍🏻👍🏻",1
2018년 09월 12일,캐시는 어떻게 받는거죠??,3
2018년 09월 12일,잘 쓰고 있습니다. 다만 다른 어플을 잠깜 사용하다 다시 들어오면 메인페이지로 바뀌는것만 없어지면 참 좋겠습니다.,3
2018년 09월 11일,...개 별로..,1
2018년 09월 11일,괜찮은 것 같아요^^,3
2018년 09월 11일,쓸수있는 다양한쿠폰좀 주세요~ 주말쿠폰 시간대쿠폰같은.....,5
2018년 09월 11일,짱 편리해요,1
2018년 09월 10일,이벤트 참여했다,4
2018년 09월 10일,딱히할말이없네요,2
2018년 09월 10일,최고,5
2018년 09월 10일,👍,4
2018년 09월 10일,결제가 너무 쉬워서 무서울정도입니다,5
2018년 09월 09일,짱 좋음,5
2018년 09월 09일,"편리한 쇼핑, 빠른 배송, 할인까지 덤으로 받으니 행복합니다~",5
2018년 09월 09일,ssg이마트 사려는데 쿠폰적용 어디서해요?,5
2018년 09월 09일,결재하기가 지랄같네,4
2018년 09월 09일,젤조은앱,4
2018년 09월 08일,편리한 쇼핑 굿,4
2018년 09월 08일,헤헷 카카로 페이지 캐쉬 받고 지워야지,1
2018년 09월 08일,좋아요,5
2018년 09월 07일,이런거잘않쓰는데 넘편하구 할인두많구해서자주이용합니당,5
2018년 09월 07일,다양한 할인쿠폰이 있었으면 좋겠네요,4
2018년 09월 06일,맘에 드는 상품을 충분히 확보 하시길 바람 주문결제 했으나 품절통보 받음,3
2018년 09월 06일,좋아영!,3
2018년 09월 06일,넘치는 앱에 스트레스 받기도 해유,4
2018년 09월 06일,통합회원가입안됨,1
2018년 09월 06일,우 .........,1
2018년 09월 06일,상품 찾기 불편,4
2018년 09월 05일,로그인 왜 안되냐,5
2018년 09월 05일,좋아요 ㅎㅎㅎ 편해요,5
2018년 09월 04일,"할인쿠폰, 특가, 행사 다양한 혜택을 ~~ 문자로 받을 수 있어서 저렴하게 구매할 수 있어요. 힘들지 않게, 핸폰으로.. 삶이 편해지고, 행복해지는 어플입니다.",5
2018년 09월 04일,품질도,5
2018년 09월 03일,걍싫어요 깔지마세요,1
2018년 09월 03일,아니 빌로님 반대로 비번은 없으면 어떻게 보안이 돼긴돼나요 로그인이 많다는건 무슨소리이지;;,5
2018년 09월 03일,굳이 SSGPAY만 사용하게 만드네 짜증나게,2
2018년 09월 02일,카페이지 캐시충전함,5
2018년 09월 02일,아직은 잘 모르겠어요,3
2018년 09월 02일,어우 한시간동안 개고생하다가 결제포기,1
2018년 09월 02일,굿굿굿,5
2018년 09월 01일,좋아요,5
2018년 09월 01일,재미있네요,1
2018년 08월 31일,제품보기가 불편해요,4
2018년 08월 30일,좋으네요,3
2018년 08월 30일,괜찮은것같아요,5
2018년 08월 30일,로그인이 너무많아 모르고 엄마폰 계정을 로그인해서 내 걸로 바꿀려니까비밀번호를 입력하래! 이거 로그인이 넘 많아 개인정보를 이렇게 많이하면 아예 살 수 가 없어요 어떻게 그럴 수 가 있어요?ㅠㅠ,2
2018년 08월 30일,쓱배송 위주로 시키는데 어떤 제품이 있는건지 잘 모르겠어요 딱 필요한것만 사게되서 좋긴한데 항상 구매후 빠트린게 있어 다시 마트를 가야하는경우가 있더라구요 쓱배송 상품 품목별로라도 검색할수 있게ㅜ해주세요,4
2018년 08월 30일,짱이에여!!,5
2018년 08월 30일,편합니다.,5
2018년 08월 28일,와 마피아42에서 설치만하면10루나 주네요 그리고 좀 편해요 별5개주겠습니당,5
2018년 08월 28일,이 앱 쓰지마요,1
2018년 08월 28일,짱좋음,5
2018년 08월 28일,앱 반응 속도가 느려서 웹이 더 편함 앱이 좋은 건 자동 로그인뿐,5
2018년 08월 28일,공효진짱,5
2018년 08월 27일,이거 방치하고있습,1
2018년 08월 27일,해외거주자인데요.. 마트에서 보고 망설이다 못 산 물건들.. 사 올걸 하고 후회하던 중 사이트에서 바로 살 수 있어 넘 좋았어요..,5
2018년 08월 27일,넘 편하구 좋아요~ 다만 배송이 좀 더 자주 있으면 좋겠어요.,5
2018년 08월 27일,좀더 이벤트가 있었으면 하는 바램입니다,5
2018년 08월 27일,요,5
2018년 08월 26일,좋아요,5
2018년 08월 26일,이앱 솔직히 카카오페이지때문에 물먹는거임,5
2018년 08월 26일,언제나 좋은 상품을 좋은가격에 구매하는듯하여 만족합니다.,5
2018년 08월 26일,지인이 면세점에서 사준다는 가격과 큰차이없고 사은품이 좋아요,5
2018년 08월 26일,굳 좋아요,5
2018년 08월 25일,굿,5
2018년 08월 25일,고민했는데 후기와 리뷰를 통해 결정. 말 그대로. 단단하고 예쁨.,3
2018년 08월 25일,적당히 얇아서 좋을듯합니다 색감도 진한 그린이어니라 맘에들어요,5
2018년 08월 25일,사용하기 편하네요. 감사합니다.,4
2018년 08월 24일,좋아,5
2018년 08월 24일,편리하고 신속하게 쓱~~^^,5
2018년 08월 23일,딴건 모르겠고 이놈에 쿠폰 다운받을때 스크롤 문제좀 해결해주세요. 쿠폰이 뭔지 보려고 살짝만 슬라이드 해도 맨아래로 쭈욱 내려가버림. 이거 왜이렇게 만든건가요?? 진짜 열때마다 스트레스 장난아니네요..,2
2018년 08월 23일,보기기. 좋네용,4
2018년 08월 23일,이번에 새로나온 안드로이드 9.0 버전에서 상품평작성을 완료할 수 없습니다. 업데이트 해주세요.,3
2018년 08월 23일,큼....ㄱㅊㄱㅊ하네용,5
2018년 08월 23일,공동앱이 좋은데 계속 다른앱도 깔라고 와서ㅜㅜ,5
2018년 08월 22일,굿,5
2018년 08월 22일,좀비고 무료 가스를 얻을려고 설치 했어요^^,5
2018년 08월 21일,사용이 더 편해졌어요. 장바구니에서 수량조절하면 화면리셋없이 수량변경만 반영되네요.,5
2018년 08월 20일,앱 사용하기 편리해 좋아요. 알림이 너무 많은 건 단점. 휴대폰 사용하는데 신경쓰여요.,1
2018년 08월 20일,앱 사용하기 편리하고 좋네요,5
2018년 08월 20일,빠르고 정확하고 사용하기 편리하다,5
2018년 08월 19일,이것 저것 앱을 다 열지 않고 간편하게 이동 가능해서 좋습니다.,5
2018년 08월 19일,구매목록 지워주세요 폰용량이없어서요ㅠㅠ,4
2018년 08월 19일,카카오체이로 연결하는데 겁나 어려움,5
2018년 08월 19일,좋아요,1
2018년 08월 17일,광고계속나오네,1
2018년 08월 17일,굳,3
2018년 08월 17일,너무 편하고 좋아요,4
2018년 08월 16일,좋아요,5
2018년 08월 16일,설치중만계속나오네요....,5
2018년 08월 16일,브랜드마다!!!,5
2018년 08월 16일,그냥.. 일단 첫 주문,5
2018년 08월 15일,좋음,4
2018년 08월 15일,쵝오...,4
2018년 08월 15일,빨라요 편해요 근데 품절이 잦음,1
2018년 08월 15일,너무 편해요~^^,1
2018년 08월 15일,선택결제,5
2018년 08월 15일,"쓱 배송 좋네요~시간도 내가 원하는 시간에 맞출수있고 배송출발과 마지막 도착 몇분 전 까지 알려주니 택배처럼 부담 스럽지 않아요. 시간 맞춰 오는건 정말 좋네요. 다만 식품은 좀 관리를 해야 하는거 아닌가 싶어요. 김치 두박스 주문 했는데 한박스는 너무 익었고 한박스는 생김치 였습니다. 익은 김치 좋아해서 그냥 패스~처음 쓱~배송 한거치곤 배송, 맛 맘에 들어 종종 주문 하렵니다~",5
2018년 08월 14일,와이거뭐임진짜개똥갔고이상함깔지마,1
2018년 08월 14일,좋아요,4
2018년 08월 14일,새로 바꾼폰에서 계속 로그인하거나 장바구니 담으면 꺼짐.. 몇번을 재설치했는데도,1
2018년 08월 14일,결제하기 개 어려움 안할라다 꾹참고함,5
2018년 08월 14일,저아용,1
2018년 08월 14일,굿~~,5
2018년 08월 13일,저렴 한 물건들 맘에 듭니다 상세 검색에 색상 추가 부탁해요,4
2018년 08월 13일,빠른 배송으로 집에서 받아볼수 있어서 넘 좋아용,5
2018년 08월 13일,이정도면 ssg곧 성공할듯,5
2018년 08월 13일,쓰는데 불편함은 없었음,5
2018년 08월 13일,너무 너무 좋아요 슥닷컴 짱,1
2018년 08월 12일,카카오 캐쉬 준다고해서 설치했는데 캐쉬 안줌,1
2018년 08월 12일,좋아요😁,5
2018년 08월 12일,카드번호는 한 번 입력하면 저장 되어 있으면 좋갰어요 매번 카드번호 확인하려면 귀챦거나 촉박해서 스킵하는 경우가 대부분이네요,5
2018년 08월 12일,백화점에서 살 수 있는 제품들을 조금 저렴하게 살 수 있어 좋아요^^,5
2018년 08월 12일,편하고 좋습니다,2
2018년 08월 12일,쓱~~ 하고~ 쓱~~ 받고~ 넘~~ 좋아요^^,5
2018년 08월 11일,계속 결제가 안되고 주소지가 없다고만 뜨네요 상담 받았더니 상담사분은 본인은 된다고 하시고 안되는 원인을 파악할 수 없다고 하시니 지웁니다.,2
2018년 08월 11일,초반에 쓸데없는 화면 안 나왔으면 좋겠네요 전보다 로딩시간 배로 걸리는데 답답함ㅋㅋㅋㅋㅋ갠적으로 전게 나은듯,1
2018년 08월 11일,다양한 쇼핑몰이 하나로 들어와있는건 좋은데 뭐가 어디있는지ㅜ익숙해지려면 몇번 주문해봐얄듯하네요,3
2018년 08월 11일,신속하네여 ㅋㅋ,5
2018년 08월 10일,SSG머니 비밀번호 결재시 6자리를 일일이 박스선택하고 숫자입력을 6번을 해야 되서 번거롭습니다. 한번에 왜 6자리를 입력하게 해주세요,5
2018년 08월 10일,편리하고 좋습니다:)^^,5
2018년 08월 09일,하나의 앱으로 다된다면서 이마트에서 선물 결제한걸 꼭 쓱 앱을 받아야 수령이 가능함;; 이럴거면 하나의 앱으로 다가능하다는 문구는 왜 넣어놨는지;; 선물 결제과정도 핵복잡함 더는 쓰기싫을 정도임,1
2018년 08월 09일,택배 배송이 너무 많이 나눠있어서 여러번 받아야해서 불편하니.. 쓱배송과 같이 날짜를 같이 받을수 있는 기능 선택 있으면 좋겠음.. 시간과 관계없는 사람은 한번에 받는것이 더 좋음,1
2018년 08월 09일,제목이 내용이예용,5
2018년 08월 09일,품절제품 빨리빨리 들여왔음 더좋겠어여,5
2018년 08월 08일,업데이트할수록 초기에 쓸데없는 화면이 많아서 불편해지고 있네요.앱을 지우고 싶을 정도로.고민중입니다.,1
2018년 08월 08일,"자주 이용하고 있어요 백화점, 몰, 이마트 상품들까지 한번에 볼수 있어 좋아요",5
2018년 08월 08일,주문도 간편하고 좋네요,5
2018년 08월 07일,로그인한번하기 어렵다 패스 설정을 이렇게 못하나? 시작부터 거지같네,3
2018년 08월 07일,하고 빠르게결제할수잇고 편하네요,5
2018년 08월 07일,한번씩 괜찮네요,4
2018년 08월 07일,Well categorized / easy look up / simple purchase procedure,5
2018년 08월 06일,"클리어 실패시 뜨는 와플 모으기 안내문이 저번 주먹 이벤트 때부터 다신 보지않기에 체크해도 계속 보이는데, 게임 밸런스 다 무시하면서까지 돈 빨아먹는 짓에 환장했으면 이런 버그는 빨리 없애라. 재설치해도 똑같다.",1
2018년 08월 06일,"저렴한 가격, 좋은 상품, 빠른 배송으로 잘 이용하고 있습니다.",4
2018년 08월 06일,"인터넷으로 구매하는 이유는 실제 구매 품목을 못보더러도 싼 값에 구매 하는건데 할인카드가 다 없어졌내요,, 아쉽습니다..",1
2018년 08월 05일,아닠ㅋㅋ카카오캐시 얘기는 카카오한테 따지라고ㅌㅋㅋ,5
2018년 08월 05일,사용잘할꼐요^^,5
2018년 08월 05일,쓱배송 좋아요,5
2018년 08월 05일,가끔씩 아이폰에서 튕기지만 전체적으로 쓸만함,5
2018년 08월 04일,너무나 많은 사람들이 있곶,5
2018년 08월 03일,이 앱은 간단한 말로 천재 앱이라고 말할 수 있습니다!!,5
2018년 08월 03일,너무 기대 되용,5
2018년 08월 03일,구매 물건마다 배송료 붙이는 이마트! 대단하다!,5
2018년 08월 03일,식요품의 경우 주문후 매우 신속하게 집 까지 배달되어 매우 만족합니다.,5
2018년 08월 03일,신세계 빠다!! 빠져서 못 헤어남,5
2018년 08월 02일,좋아요!,3
2018년 08월 02일,굿,5
2018년 08월 02일,좋은제품저렴하거 구매하고싶네요~,5
2018년 08월 02일,신세계몰에서 애플 정품을 구입할 수 있어서 좋습니다!!,5
2018년 08월 02일,아주 편하게 이용 중입니다~~,3
2018년 08월 01일,좋은상품 저렴하게 구매할수있어좋아요,4
2018년 08월 01일,아이폰 앱 한칸씩 입력해야되서 불편하네요,4
2018년 08월 01일,정말 편하게 쇼핑할수 있는점이 큰 장점입니다,5
2018년 08월 01일,항상 사용해요~,5
2018년 07월 31일,😊,2
2018년 07월 31일,별로,3
2018년 07월 31일,넘 좋아요,5
2018년 07월 31일,집에서 편하게 주문해서 좋았어요 비도오고 씻고 나가기도 귀찮다고 생각이 들었는데 좋은 상품 싸게 잘 사서 최고 수준이다,5
2018년 07월 31일,다양한 카드 행사가 있었으면 좋겠네요 그래도 적절한 가격에 질 샀습니다 많이 파세요,5
2018년 07월 30일,아니 제발 카카오페이지에서 캐쉬 안 주는 건 카카오페이지에 따져야지 여기다가 따지면 어쩌자는 겁니까,5
2018년 07월 30일,자주 이용해야겠네요,5
2018년 07월 30일,배송도 빠르고 포장상태도 너무좋아 늘 만족하며 주문합니다 할인쿠폰도 여러가지로 이용할수있어서 정말 유용하게 상품구매를 하고있습니다,5
2018년 07월 30일,이어플만 맨날 쇼핑하다가 꺼집니다,5
2018년 07월 29일,극혐,1
2018년 07월 29일,뒤로 가려면 상단 메뉴까지 올라가야 하고 전체적 문법이 맞지 않는 곳이 있어서 헷갈리고....,5
2018년 07월 29일,피씨 버전도 편했지만 어플이용하니 그 편리함이 더 좋네요,4
2018년 07월 28일,무척편하네요~^^,5
2018년 07월 28일,잘살펴보겠습니다,5
2018년 07월 28일,내일 받아볼수있고 포인트로 결제하니 선물받는느낌이네요-!,1
2018년 07월 28일,백화점에서 파는 화장품을 온라인으로 이보다 더 싸게 구입할 수 없습니다^.^ 화장품 구매는 신세계몰인 듯,5
2018년 07월 28일,안되서 별 하나빼요ssg pay 강요하능거 같기도 하고요,1
2018년 07월 28일,이용이 편리하고 가격이 싸서 좋네요,5
2018년 07월 28일,늘 잘 사용하고있어요~^^,1
2018년 07월 28일,배송비 줄여주세용,5
2018년 07월 27일,백ㅎ화점 이랑 마트랑 같이 이용할 수 있어 편리해요,1
2018년 07월 26일,님들 300캐시 들어와요 ㅋㅋ 앱 열기해서 들어가셔야 캐시 들어오지 어우 답답해,5
2018년 07월 26일,왜 여기서 카카오페이지 타령이냨ㅋ 난 잘만 오는데,5
2018년 07월 25일,대포님 안녕하세요 반갑습니다 즐거운 하루 되세요,4
2018년 07월 25일,전 이 앱이 필요해서 설치하고 만족한 사람인데요 .. 이 앱에 카카오페이지가 들어가있나요 ? 찾아봐도없는데 카카오페이지로 착각하신분들같네요,5
2018년 07월 25일,"여기가 카카오페이지,타 게임인가요?여기서 따지면서 별점 내리지 마시고 그 게임에 따지시죠",5
2018년 07월 25일,좋습니당 ㅎㅎㅎㅎㅎ,3
2018년 07월 24일,신선한것같네요~~^^,4
2018년 07월 24일,ssg페이라면 편리한결제,5
2018년 07월 24일,잘샀어요. 수고하세요,5
2018년 07월 23일,자주쇼핑할께요,4
2018년 07월 23일,지인의 추천으로 인해 처음으로 새벽 배송 이용하게 됐네요.. 바로 다음날 새벽 6시에 배송된다니 기대되요..,5
2018년 07월 23일,유기농 상품만 검색 (검색시 일반 상품과 가격비교 > 바로 갈 수 있게 링크) 삼계탕용 닭 검색 > 토종닭 1개만 나옴 : 비슷한 상품 3개 이상 준비되어야 선택용이,4
2018년 07월 22일,수준떨어짐.,1
2018년 07월 22일,언제나 좋은 가격으로 구매해서 자주 이용합니다,5
2018년 07월 22일,내가 뭘 샀는지 기억해 주고. 어떤갈 다주 샀는지 알아봐 주고. 그리고 원하는 시간에. 당일 배송까지. 세상을 똑똑히 살아가는 방법을 터득 시켜 주는 너무 친절한 쓱.,5
2018년 07월 22일,진짜 편리하고 너무 좋아요.,5
2018년 07월 22일,항상 감사합니다,1
2018년 07월 21일,무료라 더좋아욤,5
2018년 07월 21일,카카오페이지 카카오 페이지 작작하세요;; 여기가 무슨 카카오페이지도 아닌데 왜 계속 얘기하시냐고요;;,5
2018년 07월 21일,캐쉬바로주는디...,5
2018년 07월 21일,빅뱅 온라인 시대,5
2018년 07월 21일,아니 왜 캐쉬 안 주는 걸 여기서 뭐라그러고 있어. 그건 카카오페이지가서 말해 그리고 저번에 깔았으니까 안주는 거겠지; 얼탱이,4
2018년 07월 21일,아주 좋다 빠르다,5
2018년 07월 20일,바보들아 그건니가 이미 깔았던거니까 캐쉬가안들어오지 그리고 이걸 왜여기서말하냐? 카카오페이지가서따져라,5
2018년 07월 19일,항상 쿠팡만 사용했는데~~~ 와~~ 여기 배송 엄청 빠르네요~~ 온라인에서 구매하면 항상 일주일 정도 걸리고 날씨 더워 쇼핑은 나가기 싫은 저한테 딱 좋은~~~,5
2018년 07월 19일,"장바구니, 주문, 결제제페이지는 잘 만들어져서 편하긴한데 경제할때 가능한 카드가 한정적이라 불편할때가 잇어요, 그리고 상품 상세페이지에 상품정보가 불성실한 편이에여- 의류도 그렇지만 노브랜드 상품이나 채소류들도 보면 세부 내용만 보고 주문하기가 좀 애매해요",5
2018년 07월 19일,앱결제 너무 편리해져서 편하게 결제합니다^^,5
2018년 07월 18일,감사합니다,3
2018년 07월 18일,GooooooooooD,5
2018년 07월 18일,아니 니들이 카카오 페이지가서 따질걸 여기에 따지고 그리고 왜 별 한개냨ㅋㅋㅋ 아니 니들같은 무개념들 때문에 평점떨어진다 덜떨어진것들아,5
2018년 07월 18일,좋아요,3
2018년 07월 18일,연동 되어 편리합니다,5
2018년 07월 18일,감사합니다,5
2018년 07월 18일,좋아요,2
2018년 07월 17일,여기가 카카오페이지에요? ㅈㅂ 카카오페이지에서 따지세요ㅎㅎ,5
2018년 07월 17일,아니 여기서 이럴거 캎페에 문의해요,3
2018년 07월 17일,참 조으네요,5
2018년 07월 17일,광고 진짜 징그럽게 자주 나오고요..,1
2018년 07월 17일,다운로드가 잘 안돼요 그리고 설치 완료 됐다고 잘 안 떠요..,1
2018년 07월 17일,앱 접속시 모든 할인쿠폰이 자동 다운로드 되면 좋을것 같습니다.,3
2018년 07월 17일,최고 편합니다 여기저기 몰 이동 안해서 너무 편해요~,4
2018년 07월 16일,솔직히 카카오페이지 그만좀 여기가 카카오페이지임?,5
2018년 07월 16일,좋아요,5
2018년 07월 16일,카카오페이지에서 300캐쉬 주는데? 이미 한번 깔아봐서 그런거 아님?그리고 불만이면 카카오페이지에서 말하지 여기서 말함,5
2018년 07월 16일,카카오페이지 300캐시 준다면서요 벌써 7분이나 기다렸어요,5
2018년 07월 15일,엥?겜에서 설치하면 27쿠키 준다고 했었는데?이상하담,2
2018년 07월 15일,ㅋㅋㅋㅋ개 오지네.ㅋ 아니 까는 데 시간 겁나 오래 걸리고 낚시 하니까 재밌냐??,1
2018년 07월 15일,이용해보고 싶은 싸이트임니다,5
2018년 07월 15일,카카오 페이지 300원 안주네요,1
2018년 07월 15일,처음 이용해봤는데 장보러 안가도 돼서 넘 편하네요^^ 앞으로 자주 이용할것같아요,5
2018년 07월 15일,넘편함,3
2018년 07월 14일,카카오페이지야 적당히 구라까야지 소비자에게 몇번 낚시하냐 욕나오게하네 300캐쉬내놔 소비자들한테 장난치니까 재밌냐?,1
2018년 07월 14일,점점 더 자주 들러보게 된다,5
2018년 07월 13일,굳^,5
2018년 07월 13일,장보기 편하고 노브랜드를 제대로 알게해준~~~ 전 쇼핑보단 장보기로 ~~~,5
2018년 07월 13일,앱에서 제공하는 것이 넘 좋았습니다,5
2018년 07월 13일,에서 검색결과 보기에서 할인율 순으로도 있으면 합니다,5
2018년 07월 12일,좋은 제품 항상 감사드려요,5
2018년 07월 12일,편리,5
2018년 07월 11일,카카오페이지랑 짜고쳤나요 300캐시 안들어오네요,1
2018년 07월 11일,여러분 캐시 못받은걸 왜 여기서 찾나요,5
2018년 07월 11일,카카오페이지에서 안준다는 리뷰가 많으신데 뭐에요?전 주든데..조금 기다리니깐ㅋ,4
2018년 07월 11일,아직 사용안해서 잘모르겠네요,4
2018년 07월 11일,처음 사용한 슥 페이^^ 간편하고 좋아요,5
2018년 07월 11일,싸고 넘 좋아요,5
2018년 07월 11일,최고에요,2
2018년 07월 11일,너무 너무 좋아여^,5
2018년 07월 11일,좋아요 좋아요,5
2018년 07월 10일,어플 깔면 포인트 준다고 하고 안주네 양선수 이고만,1
2018년 07월 10일,카카오페이지 300캐쉬 안주네요 뭐 이런 경우가,4
2018년 07월 10일,미리 배송준비전에 알려주시거나 앱으로 일부취소할지 전체 취소할지 결정 할 수 있게 했으면 좋겠네요. 배송준비중에 부분품절 알림이 오니까 고객센터에 전화해서 전체 취소 신청해야하고.. 그것도 안되서 배송기사분께 따로 알려야 한다고 하니 좀 불편하네요..,4
2018년 07월 10일,너무 좋네요^^,5
2018년 07월 10일,편리해서 좋습니다,5
2018년 07월 09일,카카오페이지에서 캐쉬준대서 깔았는데 낚시엿나여,1
2018년 07월 09일,굿,5
2018년 07월 09일,카카오페이지 300캐시 주세요,1
2018년 07월 09일,여러가지 쿠폰으로 할인받아 더 기분이 좋아지는 앱입니다^^,5
2018년 07월 08일,카카오페이지 이벤트 구라인가요? 앱설치 했는데... 낚인건가?,3
2018년 07월 08일,굿굿,5
2018년 07월 08일,다운로드 하는데 저만 시간이 오래걸리나요,2
2018년 07월 08일,"겜에서 어플설치하면 루나 준다고 설치했는데 안들어왔네요 포인트 지급 목록에서는들어 왔다고 뜨지만,10루나가 안들어왔습니다.",1
2018년 07월 08일,제가 원래 까다로운 뇨자인뎅 상품도 좋궁 마음에 드는 제품들이 많아서 좋아요❤️,5
2018년 07월 08일,굿굿,5
2018년 07월 08일,급하게 아기분유주문해요 당일배송 넘나 굿굿굿~,4
2018년 07월 07일,처음이라 잘 모르는데 사용하고 리뷰남길께요,5
2018년 07월 07일,으아! 헬로펫!,5
2018년 07월 07일,좋은상품 많이 올려주세요~^^,5
2018년 07월 07일,1만원부터~~~ㅋㅋ,1
2018년 07월 07일,이런앱 쓰래기,1
2018년 07월 07일,광고 그만좀,1
2018년 07월 07일,ㅇㄴ... 무슨 저장공간 충분한데 다운하는게 13분이나 걸림;,2
2018년 07월 07일,물건사기 편리하네요,5
2018년 07월 06일,아니 납치광고 개빡치네,1
2018년 07월 06일,"광고왜이렇게 많이뜨나요? 어쩌피 안쓸건데...,",1
2018년 07월 06일,별루,1
2018년 07월 06일,남기고싶은글없음,1
2018년 07월 06일,카페 돈벌려고 깔았다 손,3
2018년 07월 06일,고고고,5
2018년 07월 06일,좋아요,5
2018년 07월 05일,말그대로최악,1
2018년 07월 05일,들어갈 때마다 로그인을 해야되고 앱도 매우 자주 꺼지네요. 해상도 대응도 안되있고...,1
2018년 07월 05일,Food,5
2018년 07월 05일,사용해보지안음,5
2018년 07월 05일,그리고 중복되는 앱들 삭제하시고요. ssg에 다있는데 이마트앱 신세계앱 백화점앱 신세계몰 까지....,5
2018년 07월 05일,배송이 무엇보다 빨라 만족합니다.,5
2018년 07월 05일,편해요,5
2018년 07월 05일,굿 ^^,4
2018년 07월 04일,최애얘애왁,1
2018년 07월 04일,우~~~~~~~~~~~~~~~,1
2018년 07월 04일,👍👍,5
2018년 07월 03일,음...글쎄요...,3
2018년 07월 03일,즐겨 구매 ㅎㅎ,4
2018년 07월 03일,필터적용하면 상품이 다 안보이는 버그좀 수정해주세요,5
2018년 07월 02일,편리해요,5
2018년 07월 02일,구~~~~~~ㅅ,4
2018년 07월 02일,Ssg페이로 결제 하려 할때마다 바로 결제되지 않고 비밀번호 누른 후 다시 뒤돌아가기 눌러 결제취소를 했다가 ssg페이로 결제하기 눌러야 결제가 돼요.. 직접 아이폰에서 쓱페이로 결제하기 해보신건지..? 오류난지 오래됐는데 말입니다..:(,5
2018년 07월 02일,가까운 이마트에서 배송되니 빠르고 좋네요.,5
2018년 07월 02일,사용이 간편하고 여러가지로 너무 편리해서 자주 사용합니다 아주 만족합니다,3
2018년 07월 02일,정보 안내 설명 뒷처리 매우 깔끔.,5
2018년 07월 01일,좋아요,3
2018년 07월 01일,좋아요,3
2018년 06월 30일,일단돈없어서 패스,1
2018년 06월 30일,간편 결제도 좋고 상품도 많고 좋네요!! 잘 쓰겠습니다 ㅎㅎ,5
2018년 06월 30일,좋아요,5
2018년 06월 29일,"웹사이트도 최고 구요, 고객서비스도 넘 맘에 들어요!!! 사악한 가격은 간혹있지만, 최저가도 많아요! 사랑해요 SSG!",5
2018년 06월 28일,잘정돈되어있음,4
2018년 06월 28일,저 S9이벤트 당첨됬다는데 이 사이트에 들어가 있네요?,5
2018년 06월 28일,광고 작작좀 떠라,1
2018년 06월 28일,"배송도 쓱 주문도 쓱 다 쓱 ....머쓱머쓱^^,,,",5
2018년 06월 27일,보고,3
2018년 06월 27일,자판의 엔터키 안먹힘. 검색창에 돋보기 표시로만 검색 됨. 추천 검색어가 안뜨면 검색 안됨,2
2018년 06월 27일,배송이 빠르대서 주문했더니 배송준비만 계속 뜨고 일주일이 지남 무슨 이커머스 앱이 이렇게 불편한지 모르겠네요 상담사 연결 하려면 꼭 통화를 해야하고,5
2018년 06월 27일,좋은 상품 저렴하게 구입했네요,5
2018년 06월 26일,할인율이 다른 사이트보다 많음 좋겠어요,4
2018년 06월 25일,배송이오후1시반에 도착한다더니 수거해갔데요,3
2018년 06월 25일,이벤트 기간에 맞춰서 주는 쿠폰 받고 할인도 받고 멈추는 현상 없이 내가 원하는 해택을 모두 챙겼더니 가슴이 뿜뿜!!!,5
2018년 06월 25일,결제하기 누르고 ssgpay앱으로 바뀌고는 결제하라는 걸 찾을 수 없어요 다시 쇼핑 앱 돌아와서 결제 앱 실행 안되깁니까? 눌러야만 제대로 진행되요,5
2018년 06월 24일,매장별 판매 제품의 다양한 물건을 보여주고 주말 쿠폰 할인도 좋아요 비교하기 쉽고 카드 할인 결제도 다양해서 좋아요~,4
2018년 06월 24일,편리하고 좋아요,5
2018년 06월 24일,간편하고 좋아요!,5
2018년 06월 24일,굿굿아아아아아ㅏ아아아아앙기모띠~~,5
2018년 06월 23일,처음결제인데 4~5년전 정보가 기재되어있어서 깜놀했네요...,5
2018년 06월 23일,많은 제품을 스크롤해서 볼때 가끔 갑자기 셧다운되버려서 난감할때가 이썼음,4
2018년 06월 23일,카카오페이선택했는데 카드를 또 왜 선택하게 만들어왔는지,5
2018년 06월 23일,정말 편하고 좋아요!,5
2018년 06월 22일,좋은 물건,4
2018년 06월 22일,편하고 좋네요,4
2018년 06월 21일,광고 상품 보고 설치했는데 상품이 없음ㅋㅋㅋ 낚였넼ㅋ,1
2018년 06월 21일,편하게 장보고있어요,5
2018년 06월 21일,복잡함,5
2018년 06월 20일,너무 불편,5
2018년 06월 19일,갤7 사용자 간편회원은 쿠폰 안 줌. 앱 3개 설치시 이벤트 있어 다 설치 하였는데 설치 안한걸로 나옴. 이래서 주문 하기 겁나 삭제 중..,1
2018년 06월 19일,일주일넘게 수량확보중이라고 뜨더니 수량확보못했다고 일방적으로 결제취소문자만 띡보내오네요 뭐 이런곳이 참으로 ..,1
2018년 06월 19일,하지원씨 좋아하도 맞음이 가서 구매합니다,3
2018년 06월 19일,좋아요~~~^^,1
2018년 06월 18일,작작해,1
2018년 06월 18일,와이파이 아닌데서는 작동 안함,1
2018년 06월 17일,처음 포인트 통합 시 창을 여러번 닫아야하는 번거로움이 있었지만 지금은 빠르고 편해요,5
2018년 06월 17일,믿을 있어서 좋아요~ 배송도 빠르니 더욱더 좋아요,5
2018년 06월 17일,굿,4
2018년 06월 16일,사용할때마다 어플 지우고 다운받는중이네요..,5
2018년 06월 16일,빨리 11번가 인수하시고 더 번영하세요. 신세계 화이팅...,5
2018년 06월 16일,매번 행복하게. 이용합니다,4
2018년 06월 16일,좋고 편한 것 같아요,1
2018년 06월 15일,최고예요!,4
2018년 06월 15일,좋아유,2
2018년 06월 15일,"세션이 만료되었습니다 왜이렇게 많이뜨나요? 뭘 사라늠건지 말라는건지 모르겠네요, 한 10번해서 결제했습니다.",4
2018년 06월 15일,굿굿 마뤄재춰재루재애즟,5
2018년 06월 14일,신세계백화점이나 이마트..전단광고나 신세계몰은 백화점상품이랑 행사자체가다른가요??,4
2018년 06월 14일,감동 서비스네요,5
2018년 06월 14일,결제시 너무 편리해서 좋아요^^,5
2018년 06월 13일,쓸때마다 아 ... 고객이 편리함을 느끼게 하는 구나 라고 감탄합니다 주소 변경 해서 배송 받기 쿠폰 사용하기,5
2018년 06월 13일,애기 분유나 기저귀가 간당간당할때 매번 주문하면 금방 배달해주셔 고맙습니다. 제 힘든 육아의 동반자라 할까요^^,5
2018년 06월 13일,"쓱~주문하고, 쓱~배송받고, 장말 편리하네요",5
2018년 06월 12일,많은혜택과 할인푸폰도 많이주고 다른데보다 싸고 질좋은제품 많이부탁드려요~^^,5
2018년 06월 12일,Ssg에서는 백화점. 마트 상품 한번에 쇼핑하니 편해요. 몇 년째 요기서만 쇼핑.,5
2018년 06월 12일,잘쑤고있어요,5
2018년 06월 10일,엉망입니다,1
2018년 06월 10일,개발자 누군지 진짜 어플 개쓰레기로 만들고 이딴걸 베포하는지... 사용하려고 다운받아서 어플 열고 시작하기 누르면 바로 꺼짐. 고객센터에 몇번이나 얘기해도 고쳐줄 생각 1도 안함. 신세계가 어플을 이따구로 만들다니 이해불가. 돈 써주려고 어플 받으면 뭐하나 개발자가 어플을 개같이 만들어놔서 쓸수도 없는데.,3
2018년 06월 10일,지금 느꼈던 깔끔함을 지속적으로 느꼈으면 합니다.,2
2018년 06월 10일,어캐 4.7이 나온 거징,5
2018년 06월 10일,굿,5
2018년 06월 09일,예구를 하려고 샀다가 알게 되었는데 앱이 편하게 좋네요 자주 이용할 거 같아요,5
2018년 06월 09일,사용전 기대해봅니다,4
2018년 06월 08일,장바구니 목록 볼려면 따닥 해서 어플 종료후 다시 열어야 전부 보임 평소에 그냥 열어둔채로 놔두면 장바구니 리스트 일부만 보여주고 로딩한다고 뺑글뺑글 돌기만하고 안보여줌,5
2018년 06월 07일,편리하고 합리적입니다,5
2018년 06월 07일,택배배송문구란에는 배송관련문구를 적는걸로 알고있는데 매장에 전달하고 싶은 메세지를 주문품목별로 작성가능하게 해주시면 주문에 더 도움이되겠습니다,5
2018년 06월 07일,가격 조건 넘 좋아서 구매 결정 했습니다,2
2018년 06월 07일,"왜 1달라가 결제되는거죠? 무료앱인데,,,환불해주세요",5
2018년 06월 06일,밀레 도어락 신제품을 SSG에서 신속하게 배송료없이 받아보니 참 좋습니다. 할인가에 쿠폰까지 적용하니 인터넷 최저가보다 저렴하게 좋은 상품을 구매하게 되었습니다. 감사합니다.,4
2018년 06월 06일,친절하고 안전하고 빠르게 항상 신뢰합니다 ~~~!!!,2
2018년 06월 05일,제품 구매하면 매번 제품 수량 확보중이라고 뜨고 1주일을 기다리면 제품 수량 확보 못했다면서 결제취소자동으로 해버립니다. 수량확인 전산작업으로 할텐데 1주일이나 걸리나요? 1주일기다린것도 짜증나는데 참고 기다린 대답이 결제취소 번번히 이러니 짜증나네요,1
2018년 06월 04일,좋아요,5
2018년 06월 04일,쓸만해여,5
2018년 06월 04일,편리하고 좋아요 백화점이랑 마트 상품 모두 구매 가능해서 유용합니다. 앞으로도 더욱 발전하시기 바랍니다. 시간마다 배송 정할 수 있어서 직장맘들에게는 더없이 편리합니다,5
2018년 06월 04일,구입도 간편하고 할인율도 좋고 많이파세요,5
2018년 06월 04일,결재방법이 너무 복잡,5
2018년 06월 03일,좋아요,4
2018년 06월 03일,"이 앱으로도 몰,트레이더스등등 쇼핑이 가능한데 일부 혜택 받으려면 각각의 앱을 또 따로 설치하라함! 왜?!!!! 다 설치하면 용량이 얼만줄? 항상ssg앱으로 몰 장보는데 쿠폰 떠서 다운받으라치면 이마트앱에서만 가능하다는 안내뜨면 아..진짜 할인 안받고 말지.. 생각들고 빈정상함.",2
2018년 06월 03일,마트 휴무일에는 집에서 편하게 쓱~~,4
2018년 06월 03일,쓱배송 정말 편하고 품질 괜찮아요 ㅋㅋ ㅊㅊ~~,5
2018년 06월 02일,망설임 없이 편하게 이용할 수 있어 좋다.,5
2018년 06월 02일,참 편리합니다,5
2018년 06월 01일,많이 파세요. 브랜드 있는 제품 할인 많이 되서 싸게 살수 있어 좋아요,5
2018년 06월 01일,확실한 상품 빠른 배송 언제나 만족합니다^^,3
2018년 06월 01일,오지구여 지리구여 너무 조으다,1
2018년 06월 01일,편한결제좋아요,5
2018년 05월 31일,항상 친절하게 배송해 주셔서 감사합니다,4
2018년 05월 31일,브랜드별로 물량이조금만더..들어왓으면좋겟어요..,5
2018년 05월 30일,좋아요,4
2018년 05월 30일,다양하고 편리하게 쇼핑할수 있는거같아서 유용한 앱이될것같아요,4
2018년 05월 30일,필요한 것 검색하면 언제나 다 있어요. 잘 사용하고 있답니다. 빠른 배송도 좋아요.,5
2018년 05월 30일,내일 아침에 먹을 음식을 마트에 가지 않고 주문할 수 있어 편리하고 좋네요~,5
2018년 05월 30일,매우 만족합니다,4
2018년 05월 30일,장바구니에서 로딩이 계속 돌때가 있어요,5
2018년 05월 30일,쿠폰 사용이 너무 어려움. 행사 쿠폰 1만원 다운 받았는데 사용 못 함.,5
2018년 05월 30일,항상 친절배달 정확 너무감사합니다~~~^^,5
2018년 05월 30일,이용 잘했어요 ㅎ,5
2018년 05월 29일,SSG 덕분에 장보기가 넘 편해졌어요!!! 시간절약!! 좋은 제품배송!! 늘 감사합니다^^,5
2018년 05월 29일,처음 결제해봤는데 정말 편합니다. ^^,4
2018년 05월 28일,"쓱쇼핑 좋아요 단지, 주문 최대 수량이 너무 적어요 ㅠㅜ",5
2018년 05월 28일,감사요,5
2018년 05월 28일,Bad,5
2018년 05월 28일,완전 좋음 싸게,5
2018년 05월 28일,굳굳,5
2018년 05월 27일,아주 좋아요,5
2018년 05월 27일,혜택모음 할인 쿠폰도 있고 백화점에서 본 상품 할인적용받아 조금 더 저렴하게 구매할 수있어서 좋아요 그리고 무엇보다 시간을 정할수 있는 쓱배송이 최고!,5
2018년 05월 27일,앱은 좋은데 문제없는 좋은상품받기가 쉽지 않네요 ㅠㅠㅠ,5
2018년 05월 27일,돈 결제되었어요....확인해주세요,5
2018년 05월 27일,1달러 차감되는데 확인해주세요,4
2018년 05월 26일,품절 상품도보고 싶습니다,3
2018년 05월 26일,이거 왜만듬,1
2018년 05월 26일,생각보다 간편하지가..,3
2018년 05월 26일,편리하고 좋아서 늘 이용합니다!,5
2018년 05월 26일,좋아요~^^,5
2018년 05월 26일,슼배송 넘 조음 슼페이랑 연계하면 지문한번으로 결제 완료.. 캬,1
2018년 05월 25일,제품도 다양하고 신세계라 믿음이 기요,5
2018년 05월 25일,결제 카드 등록 메뉴를 찾을 수 없고 ui/ux가 결제 프로세스에서 매우 복잡하고 헷갈림,5
2018년 05월 25일,좋습니다,5
2018년 05월 24일,좋아요~,4
2018년 05월 24일,"주문, 결재 너무 편해요",5
2018년 05월 23일,스위트걸 스티커 받기 위해 설치~,3
2018년 05월 23일,매번 쓱 앱을 열때마다 세련된 메인 디자인에 감탄합니다. 진짜 열일하는 디자이너분께 칭찬의 메세지를 전달하고 싶습니다. 업데이트 될때마다 쇼핑의 기능까지 점점 업그레이드 되어 이제는 다른 쇼핑 앱은 사용못할 것 같아요~,5
2018년 05월 23일,아이때문에 마트에 가기 힘들어 주문시작했는데 편하게 집까지 번거로운것까지 배송되니 편해요. 아니스크림같은건 주문하니 아무래도 퀄리티가 떨어져 배송하는데 고려해보고 신중히 구매하시길 권해드리구요.,4
2018년 05월 23일,"그 힘듦이 덕분에 해소 되었고, 바쁜시간 절약할 수 있어서 너무 잘 애용하고 있습니다. 감사합니다~^^",5
2018년 05월 23일,추석연휴에 주문하지마세요. 무조건. 배송완료라고. 뜨고. 상품은 받지도 못하고. 전화는. 수십통했는데. 다들 미루네요. 이제. 롯데에서 살 려구요. 새벽배송만. 이용하세요. 그리고. 상담원분들. 상품은. 님이고. 상품님께서는 이라고 하시나요? 좀 이상한거같아서요. 별. 아까워요.,5
2018년 05월 23일,역시 불편하고 사용도 못하는 쿠폰으로 다운만 유도하네요 할인될 것 처럼 이어플 저어플 다 다운받게했네요,5
2018년 05월 23일,쇼핑에서 결재까지 아주 편리 합니다,2
2018년 05월 23일,간편한 결제 최고~~짱~,5
2018년 05월 22일,서버 접속 왜안되죠 너무 느려요,1
2018년 05월 22일,요즘 이마트몰 장보기에 빠져 살고 있습니다.^^ 물건이 좋아 믿고 구매합니다.^^👍,4
2018년 05월 22일,너무 편하구 좋아요. 자주 이용하구 있어요~,5
2018년 05월 22일,쇼핑하기도 편해요,3
2018년 05월 22일,배송도빠르고 물건도 좋네요 ㅎㅎ,5
2018년 05월 22일,진짜 별루임.. 페이스로 햇는데 안먹힘,4
2018년 05월 22일,좋아요,5
2018년 05월 22일,제곧내,5
2018년 05월 21일,🍒아들 생일 많이 축하...🎂,5
2018년 05월 21일,"백화점, 신세계몰, 이마트 등 여러 곳의 물건을 살펴 볼 수 있어서 자주 이용합니다. 백화점 구입 상품이 백화점 마일리지와 합산이 안 되어 아쉬워요!!",5
2018년 05월 21일,라코스테신발 좋아요 평소230신는데 후기보고 220주문하고 혹시나 딱맞거나 발가락아플까걱정했는데 발가락안아프고편해요,3
2018년 05월 21일,바로주문하고 빨리 결제 하고 퀵배송까지 오늘 하루를 잘 보낼수 있게 도와준다,4
2018년 05월 21일,원하는 날짜에 그 시간에 받을수 있어서 좋아요,5
2018년 05월 21일,간편하게 결제하고 벤티로 업그레이드 완전 좋아요,3
2018년 05월 21일,코로나때문에 더 많이 애용중,5
2018년 05월 21일,빠른 배송 및 정확한 전달이 맘에 듭니다.,5
2018년 05월 21일,편리해서 즐겨사용해요,5
2018년 05월 20일,장보기 최고에요.,5
2018년 05월 20일,아기때문에 밖에 나가기가 쉽지않아 장보는것도 어려웠는데 집에서 손가락하나만 움직이면 원하는 물건이 집까지 배송되니 만족 이만프로!!!!!,5
2018년 05월 20일,업데이트 후 로그인 하고 장바구니에 물건을 넣으면 엡이 자꾸 종료 됩니다...빠른 개선 부탁드립니다,5
2018년 05월 20일,앱으로 구매하니까 더편리 하네요~~^^,5
2018년 05월 20일,바로결제화면으로 안가고 바코드가 떠서 다시실향함,4
2018년 05월 20일,잘 사용하고 있어요~,5
2018년 05월 20일,좋아요^^,5
2018년 05월 19일,그냥 설치했어요~,4
2018년 05월 19일,한꺼번에 모아놓은것은 좋으나 상품을 구매할때마다 일일이 어느 매장상품인지 확인해서 담아야 하고 매장이 다를경우 각각 배송비가 부과되며 에러도 많아서 주문하는데 시간이 너무 오래 걸리네요. 결제 에러만 네번 나서 계석 시간이 마감 되었다고 하고...롯데와 번갈아 가며 이용하는데 매번 불편해서 이마트 사용하려다 포기하고 다시 롯데 앱을 열게 되네요...ㅠㅠ 너무 불편해요,5
2018년 05월 19일,무겁게 들고 오지않게 집까지 배송도 해주고 할인도 받고 해택이 많아서 좋아요.,5
2018년 05월 19일,좇습니다ㅡㅡㅡ,5
2018년 05월 19일,결제 및 제품 품목이 조회가 조금 아쉽네요,5
2018년 05월 18일,도대체 앱 개발을 아케하는건지 수신동의 쿠폰만 받으려고 하면 난히임,3
2018년 05월 18일,대채로 만족하나 야채 시든게오거나 다른곳보다 가격이 비싼게 있어요,5
2018년 05월 18일,ssg 페이 결제가 안됩니다 이미 결제진행중이라고만 나오고 진행이 되지 않습니다,5
2018년 05월 18일,결제하기 편해요,5
2018년 05월 18일,무지 편리하네요,5
2018년 05월 17일,고맙습니다,5
2018년 05월 17일,일부 품목은 타사 쇼핑몰보다 50% 절약 가능함,5
2018년 05월 17일,쓱 배송받으려다.. 카드결제가 하나밖에 지정이... 결제에서 막혀 주문하려다 포기..,3
2018년 05월 17일,넘 간편하구 좋네요,5
2018년 05월 16일,4만원 이상은 배달도 해주고 첫 이용고객에게는 쿠폰도 주셔서 감사합니다 다음에도 이용할수있게 할인쿠폰을 많이 주셨으면 좋겠어요^^,5
2018년 05월 16일,구매방식과 가격이 무척 좋습니다,3
2018년 05월 16일,하오,5
2018년 05월 16일,너무 자주 업데이트 요청이 되고 아이폰은 오류가 잦고 오류시정이 늦습니다,5
2018년 05월 16일,"다양한 제품군, 다양한 가격군, 재밌군.",5
2018년 05월 15일,굳이 백화점 안가도 좋은상품 도 할인해서 잘 구매하고 있어요 더 좋은상품 업그레이드해주세요!!,5
2018년 05월 15일,주문도 슥 배송도 슥 노브랜드 주문상품의 퀄리티도 만족스러운지 지켜볼게요 ~~,1
2018년 05월 14일,핸드폰 잠시만 다른화면창켰다가 들어가면 다 초기화되잇어서 쇼핑하기 짜증나네요,4
2018년 05월 14일,카드 결제창으로 넘어가서 스마트 결제같은 것 말고 일반결제를 클릭하면 하얀 페이지만 뜹니다;,5
2018년 05월 14일,튕김현상 해결 부탁드려요,5
2018년 05월 14일,상세이미지가 잘 볼수 있어서 좋네요,5
2018년 05월 14일,배송 느리고 매장에 있어서 구매했는데 정작 매장에 물건없고 불편한 싸이트,5
2018년 05월 14일,싸게 잘샀어요 ~~~~~~~,5
2018년 05월 14일,구매안되요,2
2018년 05월 13일,대박나세요,4
2018년 05월 13일,너무편하고 편하고 편해요. 기획하고 만드신분들께 박수를 ㅜㅜ,5
2018년 05월 13일,배송도 빠르고 가격도 너무 착해서 맘에 들어요 담에도 구매해야 겠어요,5
2018년 05월 13일,이렇게 불안정하게 주문결제를 만들아놓고도..,4
2018년 05월 13일,구매할때 보면 계란 30구가 항상 품절이네요 좀 많은양을 확보바랍니다,5
2018년 05월 13일,짜증나요,5
2018년 05월 13일,하 미치게하네,5
2018년 05월 13일,별루임,5
2018년 05월 12일,다른건모르겠고 다른 쿠팡이나 다른곳들 쇼핑몰과는 다르게 배송비 3000원은 5만원이상을 써도 쳐받는군요 상품권때문에 써봤지만 굉장히 맘에안드네요 그렇다고 배송이 월등히 빠르지도않고,3
2018년 05월 12일,장점: 한눈에 보고 비교하고 살수있어서 좋아요 가끔은 가격이 타사보다 조금더 저렴해서 이쪽에서 구입하기고 한답니다 좋아요 단점: 더많은 상품이 올려주셨음합니다 물론 최신상순아면 더좋갰죠~~검색하면 관련없는것도 검색이되네요~,5
2018년 05월 12일,여러면에 만족스러워요.,4
2018년 05월 12일,일부 상품들은 일반 택배는 가능하고 쓱배송은 왜 않되는건지 이해불가입니다,5
2018년 05월 12일,간편 등록 하면 편하네요,4
2018년 05월 12일,느려요 한번주문하고 앱지웁니다,5
2018년 05월 12일,늘 새로운 쓱닷컴. 이벤트가 풍성한 쓱닷컴. 고객의 니즈를 바로 알아채는 쓱닷컴. 내 맘속에 쓰윽- 들어온 쓱닷컴,5
2018년 05월 12일,백화점가기 귀찮을땐 ssg로,5
2018년 05월 11일,좋아요♡,5
2018년 05월 11일,번창하세요~,5
2018년 05월 11일,편해서 좋아요,5
2018년 05월 11일,"여러 사이트몰 중 단연 돋보이는 시스템과 몰구성, 다양한 상품과 배송서비스 등 만족하며 사용중입니다. 앞으로도 소비자와 기업 모두가 상생할 수 있는 좋은 서비스 부탁합니다.",5
2018년 05월 11일,튕기거나 오류나거나.. 모바일에 최적화되지 않은 것들이 있는건지 뭔지 오류가 너무 많아요. 신세계상품권 쓸 때야 참고 쓰지 나머지는 쿠팡이나 마켓컬리 씀 불편해서..,5
2018년 05월 11일,벌써 15년??째 이용중이에요 처음 오픈때부터 사용중이에요 다른곳보다 화면이 세련되고 보기 쉽게 되어있어요 물건도 믿을수 있고 상품도 다양하게 많아요,5
2018년 05월 11일,항상 애용하고 있습니다. 남편에 버금가는(?) 도움입니다. 기사님들께도 항상 절이라도 하고 싶은 심정입니다.,5
2018년 05월 11일,편하게 쇼핑하고 있어요,4
2018년 05월 11일,수정 해주세요,5
2018년 05월 10일,신세계 계영 다 쓸수 있어서 오래동안 이용했지만 솔직히 상품이 너무 부족하고 가격도 이마트와 같이 이용하면서도 불구 하고 가격이 최저가 아닌게 훨씬많다 그리고 쿠폰알림 켜놓았으나 사용할수 있는 쿠폰이 너무너무 제한되어 있어 누구를 위한 쿠폰들인지 모르겠다,5
2018년 05월 10일,앱으로 이정도 완성도는 칭찬할만 합니다.,5
2018년 05월 10일,바나나가 묶음상품외에는 다 품절이네요. 재고확보 부탁드립니다.,5
2018년 05월 10일,좋아요,1
2018년 05월 10일,쓱~배송되고 직장인들에겐 더할나위없다. 그러나 냉장냉동식품에 대한 포장이 허술해 그 점만 보안된다면 정말 별별별별별이다.,5
2018년 05월 09일,굿,3
2018년 05월 09일,좋아요,5
2018년 05월 09일,네이버로 로그인하면 자동로그인안되고 계속 다시 눌러야 합니다 담번에 터치아뒤로 로그인할꺼라는 팝업오케이해도 계속 뜨는데 불편해죽겠습니다 수정해주세요!!!!,5
2018년 05월 09일,"전체적으로 타쇼핑몰보다 앱화면이 심플하고, 상품보기가 편합니다.",5
2018년 05월 09일,번호인증했더니 가입한적도 없는데 뭐가 초기화됐다뜨고 확인 눌렀더니 번호인증하라그러고 뭐하자는거냐 개빡치네 뭣좀 쳐먹을라하니까 초입부터 말썽이야 아오,5
2018년 05월 09일,나름 잘 꾸며놨는데 너무 불편해서 리뷰 써봅니다. 첫째 네이버나 카카오같은거로 연동해서 로그인 하려는데 다른데 같았으면 따로 로그인 할 필요 없는데 다시 네이버 로그인 해서 개인정보 다 설정해야함.,5
2018년 05월 09일,좋아요,4
2018년 05월 08일,전 이 앱을 몰라요,5
2018년 05월 08일,좋아~~^^,5
2018년 05월 08일,나의 폰이 문제인지 앱이 문제 인지는 잘 모르겠네요. 사용중 빈번히 아웃이 되는데 왜그럴까요? 그리고 중국에 몇년 살 동안 타오바오를 많이 이용했는데 타오바오는 파는 사람과 사는 사람이 물건에 대한 문제를 메신저로 얘기하고 문제 해결을 할 수 있었는데 한국 쇼핑앱은 그렇지 못해 아쉬웠는데 ssg가 부분적으로 시작하는 듯 한데 아직은 멀어 보이네요. 당장 쓱 배송에 관한 것도 양 방향 소통이 아니라 일방적 소통이라 이런 부분은 중국보다 못한것 같아요. 좋은 점은 모방이라도 해야겠지만 판매자가 힘들다는 생각을 가져서 일까요? 너무 판매자 위주 아닌지...,3
2018년 05월 08일,"이마트인줄 알구 받았다가 꽤나 고생했네요 . 배송 나뉘어져 오는것 싫어서 매장배송 시키려 했는데 아무리 찾아도 검색 외 에는 바로가기가 없구., 검색하니 매번 필터먹이는것도 일이고.",5
2018년 05월 08일,배송지역 서울인데도 안되는 곳이 있는 듯요..?,1
2018년 05월 08일,쓱은 언제나 감사하게 잘 쓰고 있습니다,3
2018년 05월 08일,할인도 많이되고 배송도 빠르고 SSG스러워요,2
2018년 05월 08일,왜 결제되는거죠 무료앱이라고 되어있는데? 빠른 답변 부탁드립니다;,3
2018년 05월 08일,사용하기 편리하고 결재도 간편하고 최고입니다,5
2018년 05월 08일,슥~!,5
2018년 05월 08일,까복,5
2018년 05월 08일,너무좋아요^^,5
2018년 05월 07일,편리하네요,5
2018년 05월 07일,새벽배송 편리한데 각기 다른 카테고리에서 시키면 배송비가 별도로 붙제요 이에대한 설명이 없어 한참 헤맸습니다,3
2018년 05월 07일,마트 장보기 백화점 아울렛 쇼핑 다할수 있어서 너무너무 좋아요~!!!!,5
2018년 05월 07일,주문 간단하고 문의 빠른 답변 좋았습니다.,5
2018년 05월 07일,물티슈 20개 밀크쵸콜렛 15 다크쵸콜렛 1 일리윤 마스크팩 20,5
2018년 05월 06일,굳 군,5
2018년 05월 06일,"퇴근길, 남는 점심시간 활용해서 쓱 에서 이마트 장보기 넘넘 편리합니다. 맞벌이 부부에게 필수템이어요~ 오렌지 자몽쥬스, 쌀, 라면 우유부터 계란까지.. 편리해서 넘 좋아요~ 트레이더스에서 대용량 장보기도 가끔 활용하면 좋습니다. 신세계 상품권으로S포켓 머니로 장보면 도움 많이 되요. 좋은상품 많이 많이 입고 해주세요 ~^^",5
2018년 05월 06일,"전엔 안이랬는데 쓱 앱을 엄청 오랫동안 이용했는데 언젠가업뎃한 이후부터 앱에서 뭐 보다가 잠깐 카톡이와서 카톡보고 다시 앱으로 들어가면(앱 종료한거 아님) 다시 초기화되서 로딩화면이 떠요. 찾아서 보던 카테고리, 검색해서 쭉 내려서 보던순서... 다 사라지니 너무 불편하고 짜증납니다",5
2018년 05월 06일,처음엔 불안했는데 제품도 싱싱해서 믿고주문합니다 편한세상이에요:),5
2018년 05월 06일,Ssg에서 여러가지 계열사 브랜드 상품을 다 쇼핑 할수 있어서 좋아요,5
2018년 05월 06일,이용하기 너무 편해서 장보거나 물건 살 일이 있으면 항상 애용합니다,5
2018년 05월 06일,ssg money 사용할때는 할인 적용이 안 되나요? ssg 앱사용을 하려고 상품권 구매하는것도 있는데요. 확인해 보시기 바랍니다,1
2018년 05월 06일,너무 간편해서 좋아요 모든 처리도 빠르고 믿고 살수 있네요,5
2018년 05월 06일,편하게 잘 사용하고 있습니다만 가끔 먹통이 되는 건 개선바랍니다..,2
2018년 05월 06일,"전체적인 완성도가 점점 개선되고 있으며, 편리성 역시 굿임.",5
2018년 05월 06일,리뷰 쓸때마다 오류나서 먹통되네요,3
2018년 05월 06일,좋아요,5
2018년 05월 05일,최고...엄지척,5
2018년 05월 05일,편하고 갠춘,3
2018년 05월 04일,상품 하나 선택시 유사 상품으로 묶음 할인을 해주는 기능과 배송비를 절약할 수 있는 아이콘이 있어 좋았습니다.,5
2018년 05월 04일,SSG앱 잘 사용하고 있습니다 여러 면에서 기능들 좋구요 편리합니다,1
2018년 05월 04일,신발 하나 사려는데 결제를 새번이나 번복케 하고 심지어 리뷰쓰려는데 글자도 안보임;; 글자 엉망진창이면 어플이 이모양이라 그런가보다 하면 될즛,5
2018년 05월 03일,사실 배송받은 상품이 파선된경우도 있고 여러가지 경험이 있지만 고객센터의 적극적이고 빠른 해결에 신뢰도가 아주 높습니다 생활의 여유를 주는 제겐 훌륭한 친구입니다~,5
2018년 05월 03일,뭔 결재방법이 일케 복잡한지!!! 쌀사는데3일 걸렸음!!! 밀고있는 카드 이런거 빼고 좀 간단하게 사용하게 하는것이 방문빈도를 늘리는 지름길 일것 같음!!!,5
2018년 05월 03일,27세여성이 다루기에도 상당히까다롭네요ㅠ,5
2018년 05월 03일,사용에 있어서 너무 편안합니다,5
2018년 05월 03일,아주 좋습니다.,5
2018년 05월 03일,좋아요,5
2018년 05월 03일,별로입니다,5
2018년 05월 02일,처음이라 아직이요,3
2018년 05월 02일,편하고 빠른배송 좋아요,5
2018년 05월 02일,쿠팡만 써보다 쓱 이용해보니 쓰레기도 안나오고 넘좋네요~,1
2018년 05월 02일,여러 경로를 합쳐놔서 검색하면 다양한 금액 비교도 되고 아주 좋네요,5
2018년 05월 02일,원하는 제품을 빠르고 정확하게 배송받을수 있어서 좋았어요,5
2018년 05월 02일,편리합니다,5
2018년 05월 02일,굿굿굿 빨라서 굿,5
2018년 05월 01일,마트부터 백화점 까지 쇼핑 가능해서 조아요~할인행사 자주 해주세요~~더 자주 이용하고싶을거 같아요~~~포인트 적립도 마니해주면 좋을듯~~~,5
2018년 05월 01일,"저는 쓱 대만족합니다~~ 아침에 시켜도 배달해주공~~ 제가 필요한 이모저모 다 있어서요~~~ 백화점,이마트,다른 인터넷마켓등등",5
2018년 05월 01일,갑자기 결제하기 했는데 다음페이지로 안넘어가네요 열번시도하면 한번될까말까,4
2018년 05월 01일,할인받으려고 카드번호 찾고 화면이 바뀌면 다시 장바구니부터 들어가야하니 너무 불편하네요 ㅜ,5
2018년 05월 01일,근데 쿠폰을 자주 주셨음 좋겠어요~^^,5
2018년 05월 01일,다른 사이트와 다르게 배송현형을 바로 업댓해주니 좋네요,5
2018년 05월 01일,뭐가 이리 어렵게 만들었는지..앱은 또 왜이렇게 잘팅기는지 모르겠는데 저만그런가요???ㅠㅠ,5
2018년 05월 01일,1.카뱅도 은행인데 추가좀 해주세요 2. 구매 금액 11페이나 페이코 처럼 현금영수증 저장해서 자동으로 끊게좀 해줘요,5
2018년 05월 01일,팝업도 많고. 검색도 잘 안됨. 느림. 쓱 배송은 좋음. 그래서 애용함.,5
2018년 05월 01일,쉽게 접근 빠른 배송 완전 만족합니다.,5
2018년 05월 01일,아이폰x 사용중인데 어플 실행을 할수가 없게 되었네요...,5
2018년 05월 01일,편리하고,4
2018년 05월 01일,몰별 이동 편함,5
2018년 05월 01일,편리해요,5
2018년 04월 30일,시각적으로 예쁘고 사용하기 간단한 게 가장 큰 장점이고. 각 아이콘의 색상이 서로 잘 어울리고 크기나 비례도 적당하고 과한 광고나 팝업이 없어서 거슬리지 않아요. 상품을 클릭하고 들어가면 정신없이 번쩍거리는 상품사진들이 없어서 눈도 아프지 않고. 화면 배치나 각 창의 크기도 비율이 잘 맞아서 예쁘게 보이고. 수시로 앱을 업데이트하고 고객의견도 수시로 반영하는 거 같아요. 과채류는 특히 크기나 퀄리티가 가격에 정비례하는 거 같아서 주문 시 참고가 되요.,5
2018년 04월 30일,최근 자꾸 에러 코드가 떠서 앱 지우고 다시 설치했는데 ㅠㅠ 계속 그러네요 저만 그런건지;;,5
2018년 04월 30일,국내에 있는 백화점/마켓 온라인 몰 중에선 서비스 품질이 압도적으로 좋다고 생각합니다. 한 십여년 이용해 온 것 같은데,5
2018년 04월 30일,첫쇼핑했어요.. 여러군대로 들어갈수있어서 좋았습니다,5
2018년 04월 30일,글씨가 안보여요,3
2018년 04월 30일,상품권으로 결제하려고했는데 사용하기도 힘들고 별로예요,4
2018년 04월 30일,상품평 작성하기 누르면 어플이 멈춥니다 현상 해결 좀 해주세요,5
2018년 04월 30일,너무 광고성 메세지 많이뜨고 복잡하고 내용이 많고 간결하지 못하고 한꺼번에 다 넣어서 귀죽박죽 결제도 어렵고 애플처럼 구글처럼해라 이 빙신들아,5
2018년 04월 29일,전에는 마트가는게 그렇게 귀찮고 힘든일중 하나였지만 ssg닷컴으로 장을 본후론는 마트가는일도 굉장히줄었고 훨씬 편하고 효율적이란 생각을 합니다 고기나 생선은 눈으로 직접 보고 사야한다는 생각에 처음엔 꺼리다가 한두번 보내주신상품이 신선한걸보고는 지금은 고기랑 생선 모두 다 편하게 주문하고 있답니다. 배달시간도 내맘대로 정할 수있어 정말좋구요^^,5
2018년 04월 29일,할인혜택도많고 배송도 정말 빠릅니다. 워낙 백화점도 신세계만 가다보니 신세계몰을 알게되긴했지만 다른 쇼핑몰은 답답해서 이젠 못 이용할정도에요 ㅎㅎ,5
2018년 04월 29일,처음 결재하는데 간편하고 좋네요 ㅎ 포인트 확인도 쉽고 만족합니다,4
2018년 04월 29일,다 섞여있어서 너무 불편해요. 물론 필터기능이 있긴하지만 정신없습니다.,5
2018년 04월 29일,보기도 편하고 이마트나 여러곳 연계도돼니 좋네요,4
2018년 04월 29일,다른 옷도 물건도 가격이 저렴하고좋아요,5
2018년 04월 29일,원색에 도전했는데 그런데로 좋아요 블랙이 너무 블랙이여서 아쉬웠어요,3
2018년 04월 29일,늘 사용하는 제품이에요. 기대되요,5
2018년 04월 29일,SSG어플이랑 이마트 어플이랑 뭐가 다른지 모르겠네요;; SSG에서도 이마트몰로 넘어가고 물품입고되면 SSG아이콘으로 오니까 그냥 SSG어플 사용중입니다,5
2018년 04월 29일,정확정,1
2018년 04월 29일,ㅅ,5
2018년 04월 29일,잘 사용하고 있습니다.,4
2018년 04월 28일,1.잘 다운된다! 2.상품평 등록 시 날짜 빠른 순으로 되있어서 주문 리스트가 많을 시 계속 눌러서 젤 오래된 주문 내역 찾아 평가하고 다시 또 리셋되어 또 같은 걸 반복하게 되어있어서 너무 불편하다.,2
2018년 04월 28일,친구생일이라 선물하기로 보냈는데 물건도 많고 포인트도 쓰고 좋네요~,5
2018년 04월 28일,앱은 안보이고 앱스토어에서는 열기로 실행이 되고 있네요.. 앱 아이콘 보이게 하고 싶은데 어떻게 해야할까요...,5
2018년 04월 28일,너무 친절하시고 좋아요~,5
2018년 04월 28일,이용하기 편합니다~,5
2018년 04월 27일,주로 흰색 운동화를 좋아하는데 질리지않게 예쁘게 빤짝이 포인트를 준 신발을 신으니 기분이 다르네요. 은근한 화려함이 기분을 업시키네요. 끈에도 글자를 넣어서 심심하지않고 세련되게 신을수 있어서 더 좋네요~,5
2018년 04월 27일,쓱페이도 극혐... 뭐 살려고 하면 인증을 뭐 그리 해야하는지... 제발 아마존에서 한번만 결제해보고 반성해보길 바랍니다,5
2018년 04월 27일,기록삭제부탁~~~,5
2018년 04월 26일,감사^^ 사용하여 보고 평가를,4
2018년 04월 25일,좋음,4
2018년 04월 25일,또 품절이래. 글보니 나만 그런게 아니네요.,1
2018년 04월 16일,좋은상품을 구매하겠습니다,5
2018년 04월 13일,좋아요,4
2018년 04월 11일,별루ㅜㅜ,1
2018년 04월 11일,●☆☆☆☆,1
2018년 04월 09일,항상 날 실망시키는 곳. 지르기만하면 없대. 재고없어도 1주일뒤에 연락오는곳. 확인이라도 빨리하든가. 무조건미안하다고땡. 기다린사람만호구되는곳.,1
2018년 04월 08일,좋음,4
2018년 03월 31일,오늘 겪은일 진짜 다토해내서라도 말하고싶은데 진짜 별루네요 사이트에서 잘못일었난던일을 왜 제가 사과해야하죠? 사과의한마디없이 무슨 배송비를 추가해야한다는 한마디뿐 ㅌㅋㅋㅋㅋ그결제한만큼 다시 입금하면 되는데 배송비를내래 ㅋㅋㅋㅋㅋ 개어이없어 짜증나서 회원탈퇴햇구요 두번다신 이용안하고싶네요 ㅎ.ㅎ 홍보도 거짓없이 했으면 좋겠당~!,1
2018년 03월 29일,카드행사나 쿠폰을 자주 발행 해주시면 더욱이 이용이 빈번해질거같습니다,3
2018년 03월 27일,자꾸 꺼져요 한 30분정도 보고있으면 계속 꺼지네요,2
2018년 03월 27일,이제와서 제품이없다고요.해도 너무하시는군요. 왕 치사~,1
2018년 03월 27일,ㄹㅌㆍㄴ 아 최대한 ㅠ.ㅠ 오늘,3
2018년 03월 26일,편리해서 좋아요,4
2018년 03월 26일,주문결제 일주일만에 한다는 소리가 재고가 없어서 못보내겠다는 건 너무하는 거 아닌가요?? 전화해서 미안하다는 것 도 아니고 톡으로 그냥 통보하고 말면 끝입니까?? 몇일날 발송된다고 표시도 하지 말았어야지요.. 아주.. 진짜.. 최악입니다!!!,1
2018년 03월 25일,공유...❤❤❤,5
2018년 03월 24일,카카오 캐시 안들어왔어요,3
2018년 03월 23일,광고좀 그만뜨게해봐 영화도못보겠네 광고하는거같은데 더 정떨어진다,1
2018년 03월 22일,아니 문화상품권 사용방법이 너무 불편해요;그냥 번호입력하면 돈이 들어오게 하면되지 굳이 등기우편으로 붙이고..;;그냥 없애도 아무도 필요치않을거같네요ㅠ,1
2018년 03월 21일,자주 이용하고싶은데 아이폰에서 결제할수 있는게 휴대폰 소액결제뿐이네요,1
2018년 03월 20일,좋은 어플 만들어 주셔서 감사합니다 ㅎ 쇼핑하기 좋은 거 같아요 ㅎ 역시 쓱 ㅋㅋ,5
2018년 03월 20일,웹에서 앱까는거 유도하려면 이마트는 이마트로 ssg 는ssg로 효율적이게좀손보세요 이마트로 들어갔는데 앱은이앱을 깔아야하고 다시 이마트로접속되게 분리해놓구용량차지하고효율없고 오류쩔고 ㅡㅡ머하시는건지ㅜ,1
2018년 03월 17일,마케팅한답시고거슬리게폰킬때마다광고띄우지말고끄지라,1
2018년 03월 16일,다운로드가 안되요,4
2018년 03월 16일,대체 어떤 빡대가리로 만든지 너무나도 감탄밖에 나오지가 않네요 아주 대단해요 대단합니다 쓱~대충 만들고 쓱~월급루팡하는 개발팀사원 너무 대단하셔서 눈물밖에 안나옵니다.,1
2018년 03월 16일,로그인접속이 지연된데요.로그인이안되네요,3
2018년 03월 13일,에스에스쥐스윽,5
2018년 03월 13일,인증오류 너무심하고 로딩속도 너무길어요 경쟁사 어플 벤치마킹이라도 하시길,1
2018년 03월 11일,핸펀 엄청 느려지게함.. 백그라운드에서 뭘 하시는 지..,1
2018년 03월 09일,걍 쓸만함,3
2018년 03월 08일,아니 신세계백화점 가입을 하려고 하는데 인터넷 페이지가 지맘대로 갑자기 5초마다 한번씩 새로고침됨ㅋㅋㅋㅋㅋ 개어이털리네 페이지를 뭔 그따구로 만들어놓으십니까? 지금 20번째 새로 시도중인데 더러워서 때려칠랍니다. 앞으로는 이벤트를 하실거면 일단 페이지부터 제대로 만들고 실행시키시길. 뭐 난 새로 이벤트 한대도 안할거지만.,1
2018년 03월 08일,ㅡㅡ 아이디찾기부터 안됨 본인인증처리에실패 내가 나인걸 어찌증명해야함?? 제대로적어도 안되고 회원가입으로 해도 안되고,1
2018년 03월 01일,이거 앱으로서 역할을 하는지 의문 그냥 없에세요,1
2018년 02월 28일,.......좋아요,5
2018년 02월 26일,어플이 점점 느려짐.. 목록에서 장바구니 바로 보내는 기능은 가끔 안될때가 있음.,2
2018년 02월 25일,이마트 고객임돠,5
2018년 02월 21일,결제수단이 너무 제한적인 것 같습니다.,1
2018년 02월 20일,한번에 쓱ᆢ 가능~~,5
2018년 02월 15일,좋아요,4
2018년 02월 13일,수고하세요,5
2018년 02월 12일,무슨 있는게 없어,1
2018년 02월 12일,보기,1
2018년 02월 07일,굿...,5
2018년 02월 07일,좋아요,5
2018년 02월 05일,"결재.진짜.한번에되지도않고,이따구로만들바엔pc로주문하던지전화주문하게놔둬라.",1
2018년 02월 05일,갑자기 엄청 느려짐. 화면 내리는 데도 갑자기 위로 올라가고 엉망진창,1
2018년 02월 01일,Good,4
2018년 01월 29일,좋아요,5
2018년 01월 25일,굳뜨,5
2018년 01월 25일,좋습니다.,5
2018년 01월 23일,결재를 하려면 다섯번 이상은 꺼져요 카드결재하기힘들어서 글써보기는 처음이예요 제발 결재 좀 해보세요 사용자가 얼마나 속터지는지 느려두 결재는 한방에 되야하는거 아니예요?,1
2018년 01월 22일,로고가 안예뻐요,1
2018년 01월 16일,카카오 케쉬 왜 지급안하나요 그것때문에 깐건데,2
2018년 01월 16일,좋아요,5
2018년 01월 15일,사용자 친화적으로 환경개선해 줬으면 합니다!~,5
2018년 01월 12일,자주 애용하고 있습니다,5
2018년 01월 12일,내가착해서깔아준다,1
2018년 01월 11일,좋아요 좋아ㅣ,5
2018년 01월 10일,.. .,1
2018년 01월 10일,백화점과 마트를 모두 이용할 수 있어 좋아요,5
2018년 01월 07일,인터넷 뉴스 좀 볼라하면 이 광고 떠서 드럽고 치사해서 깜,1
2018년 01월 07일,카카오페이지통해서 깐건데 왜 캐쉬안주나요,1
2018년 01월 07일,어플 너무 느랴요,1
2018년 01월 05일,애용합니다.,4
2018년 01월 05일,계속해서 메인화면으로 돌아갑니다 ㅡㅡ 주문을 하다가 다른 앱 잠깐 보고오면 메인화면으로 돌아가있고 ㅡㅡ 심지어 ssg페이 앱으로 결제를하고 ssg앱으로 자동으로 돌아왔는데 결제완료버튼이 안뜨고 또 메인화면으로 돌아와있네요 .... 그래서 다시 처음부터 제품 찾아서 결제해야했고요... 앱을 왜 이렇게 만드신건지??? 이부분 해결좀 해주세요 진짜 서터레스...!!!,4
2018년 01월 04일,참 편리한 세상 이런 기분 처음이라 너무 좋네요,5
2018년 01월 04일,좋아요,5
2018년 01월 04일,할인이 많고 보기편해서 자주 이용하게 됩니다,5
2018년 01월 04일,좋습니다 좋아요 저렴하네요,1
2018년 01월 03일,업데이트 이후 장바구니에서 계속 에러나네요 수정해주세요,1
