	1	Goods	App	Delivery	Payment	CS	Price	Marketing	AD
0	업데이트도 되지않고 갑자기 앱실행도 안되네요 롯데닷컴 이용말라는건지 ㅠㅜ 예전앱도 실행되게해주고 업데이트는 선택으로해주세요 업데이트되지않는 기기도 고려해서요 오늘 앱으로 꼭 구입핦제품이 있는데 사지말라는건지	1	1	0	0	0	0	0	0
1	어플이 먹통이네요 업데이트하라해서 업뎃눌렸더니 더이상 실행되지않고 그대로입니다 배송이 잘못 와서 교환신청해야하는데 안되서 속상하네요 배송도 잘못보내주시고 고객센터는 연결안되고 어플은실행안되고 왜이럴까요?	1	1	1	1	1	0	0	0
2	빠른 신상품안내와 날마다 다른 할인특가로 잊어버린 쿠폰까지 챙겨주셔서 감사드려욥~	1	0	0	0	0	1	1	0
3	왜 갑자기 어플 실행이 안되나요. 오늘 주문해야하는 상품이 있는데 어플이 먹통. 지웠다 다시 깔아도 안됩니다. 답답해요	1	1	0	0	0	0	0	0
4	업뎃 이후면 다시 알람이 설정되는 쓰레기앱	0	1	0	0	0	0	0	0
5	쓰레기 같은 어플 모바일 인터넷에서 하는게 더 렉 안 걸림 어플 만들거면 좀 똑바로 만들던가 어이없네	0	1	0	0	0	0	0	0
6	쇼핑하기 좋아요	0	0	0	0	0	0	0	0
7	1개를 사도 무료배송이 되는데다가 할인까지 되니 1석2조네	0	0	1	0	0	1	1	0
8	품 적당하고 두께가 도톰하군요 요새 기온이 올라가는데 지금 입으면 딱 좋습니다	0	0	0	0	0	0	0	0
9	이용하다 화가 나서 처음으로 어플 후기 남깁니다. 이런 UI/UX로 오픈했다는 게 말이 안됩니다.. 오픈한지 한참됐는데도 아직도 혹평이 난무하는데 VOC 체킹 안하나요?	1	0	0	0	0	0	0	0
10	굿이요.^^	0	0	0	0	0	0	0	0
11	앱이 사용중 팅김. 누르지도 않았는데 자동으로 실행되기도함	1	1	0	0	0	0	0	0
12	반품접수 버튼만 누르면 앱 먹통 반품처리를 할수가없네요 다른건 다 되는데 반품접수만 안되는 이유는뭔데요ㅡㅡ3일내도록 안되네요	1	1	0	0	1	0	0	0
13	굿	0	0	0	0	0	0	0	0
14	아니 자기들이 품절로 상품취소요청했으면서 보내준링크 클릭해보니 앱설치하라네??	1	1	0	0	0	0	0	0
15	배송지 입력해도 안뜨고 로그인도 잘 안되네요	0	1	0	0	0	0	0	0
16	쇼핑어플이 이렇게 자주 먹통이 되서야 물건을 팔겠다는건지 말겠다는건지.. 돈좀 더써서 앱개발자좀 바꾸지...	1	1	0	0	0	0	0	0
17	사용하기 편리합니다.	1	0	0	0	0	0	0	0
18	다른데보다 저렴한건 거의 아예없는수준 그냥 매달 2900원씩 나가요. 여기선 거의 구매를 안하게됩니다.	1	0	0	0	0	0	0	0
19	검색 후 뒤로가면 이전조회화면이 아닌 다른화면나옴. 자동로그인안됨. 등등. 머 이런앱이있나싶음. 타사앱이랑너무비교됨. 한번쓰구불편해서 지울계획	1	1	0	0	0	0	0	0
20	롯데 응원합니다!	0	0	0	0	0	0	0	0
21	스크롤할때마다 오른쪽 하단에있는 c버튼 같은게 눌려서 마이크 켜지는게 너무 빡이치네요 개선좀 해주세요 ㅎㅎ	0	1	0	0	0	0	0	0
22	앱이 들어가지기만 하고 실행이 안되네요 ㅠㅠ	0	1	0	0	0	0	0	0
23	여기 취소 환불방법도 안써져있고 버튼도 없고 들어갈때마다 로그인 해야되고 평점 보고 쓸껄 그랬어요 너무 구려서 못쓰겠어요. 그리고 취소 안돼서 5천원 날리게 생겼네요	1	1	0	0	0	0	0	0
24	아무것도 안샀고 앱도없엇는데 카톡으로 구매알림와서 놀랏네요..구매내역에 없고 지출된것도 없는데 그냥 두면되나요	1	1	0	0	0	0	0	0
25	매우만족함 상품이최상품으로받아서좋아요	1	0	0	0	0	0	0	0
26	업데이트안해도좀 쓰게하라고! 별것도없으면서	0	1	0	0	0	0	0	0
27	밝은곳에서 보면 진밤색이 너무 고급스럽고 가죽이며 사이즈가 넘 예뿌요~~~^^	0	0	0	0	0	0	0	0
28	아동의류-여아의류 카테고리에 왜 성인여성 의류들이 수도 없이 포함되어있나요. 안그래도 어플 업데이트 될때마다 상품검색이 너무 힘들어지는데 아이옷 보려고 들어가면 어른옷만 잔뜩 떠서 쇼핑하기가 번거로워요. 조치해주세요~	1	1	0	0	0	0	0	0
29	최고	1	0	0	0	0	0	0	0
30	카페같은 분위기 나요 가격대비 넘 좋아요~	1	0	0	0	0	1	0	0
31	기대 이상 예뻐요~	0	0	0	0	0	0	0	0
32	휴~~ 바로구매 누르면 주문서 작성중이라고 계속 로딩중ㅠㅠ미춰 돌아버릴듯	1	0	0	0	0	0	0	0
33	와 진짜 별로다 결제10번 다실패 버벅대고 안뜨고 도랏나..	0	0	0	1	0	0	0	0
34	저는 롯데온 어플 쓰기 편해용!!	0	0	0	0	0	0	0	0
35	좋아요	0	0	0	0	0	0	0	0
36	자동로그인이 매번 풀리는 이유좀ㅋㅋㅋㅋ 설마 몰 이동해서 그렇다면 몰이동 왜 만든건지도 설명좀ㅋㅋㅋㅋ	0	1	0	0	0	0	0	0
37	앱전용 할인혜택 때문에 자주 이용하네요	1	1	0	0	0	1	0	0
38	인터넷에서 롯데닷컴 웹사이트 들어가려고 하면 롯데닷컴 어플이 자동 실행 되는거 같은데 롯데닷컴 어플을 지워도 자동 실행 시도합니다. 앱이 없으니 당연히 화면 전환되려다가 꺼져버립니다. 롯데닷컴은 모바일 전용 웹사이트가 없어서 어플로 자동 실행 되는건가요? 이거 해제하고 싶은데 어떻게 하는거죠	0	1	0	0	0	0	0	0
39	짜증날정도로 느림	0	0	0	0	0	0	0	0
40	주문할 때 살짝 불편하긴 한데 막상 제품 받으면 만족도는 항상 양호하다	1	1	0	0	0	0	0	0
41	업데이트후 넘 불편해요ㅜㅜㅜㅜ	0	1	0	0	0	0	0	0
42	조음	0	0	0	0	0	0	0	0
43	오류가 해결되서 이전 별점 수정합니다 ㅋ지금은 잘되고있어요	0	1	0	0	0	0	0	0
44	물건이 좋은게 다양하게 만다	1	0	0	0	0	0	0	0
45	필터적용해서 상품보기가 불펀함	1	0	0	0	0	0	0	0
46	"친구에게 생일 선물로 향수를 보냈습니다. 전화번호 이름 주소 제대로 정확히 기입했구요. 몇번이고 확인까지 했습니다. 택배기사님 친구 아침에 일하는데 ""롯데택배인데요 몇동몇호신데요"" 이런 시비조로 말씀하셨다 하시더라구요? 예, 물론 문자로 감정표현에 와전이 있을수 있다고 생각합니다. 그런데 당사자는 배송 받지도 어디있는지 조차 모르는 제품은 왜 배송완료가 된거죠? 택배기사님은 연락도 안받으시구요? 송장번호 문자내용 배송완료처리 되어 있는 부분까지 캡쳐본 다 있구요. 판매에만 신경쓰지마시고 이러한 배송 부분까지 세심한 신경을 부탁드립니... 전체 리뷰"	1	0	1	0	1	0	0	0
47	업데이트 강요해서 짜증나네요 허구한날 업뎃하고 업뎃 안 하면 앱 사용도 못 하게 하고 ㅡㅡ	1	1	0	0	0	0	0	0
48	맞는 아이디를 틀리다고계속 뜬다ㅡ	0	1	0	0	0	0	0	0
49	상품설명과 배송된 상품이 달라	1	1	1	0	0	0	0	0
50	아주 예쁜 밝은 블루~기본색상 폴라 다 있어서 주문한건데 아주 예뻐요 두께도 도톰해서 좋구 걘적으로 모크넥 싫어하는데 목 충부히 올라오는 니트입니다 가성비 최고네요!!	1	1	0	0	0	1	0	0
51	갑자기 출석체크 기능이 왜 사라졌나요? 애써 모아놨던 클로버 다 쓰지도 못했는데??????	0	1	0	0	0	0	1	0
52	유용한쇼핑	0	0	0	0	0	0	0	0
53	비밀번호 설정하다 제거중ㅠ	0	1	0	0	0	0	0	0
54	저렴하게 구입하기 아주 좋아요	1	0	0	0	0	0	0	0
55	아니 뭐 결제 오류가 이렇게 많나요	0	1	0	1	0	0	0	0
56	화면에서 본거랑 똑 같구요~~이월상품이라 저렴하게 잘 구매했습니다 싸이즈는 평균 싸이즈 이구요 올 겨울 잘 신을수 있겠습니다 좋은상품 감사합니다	1	1	0	0	0	0	0	0
57	귀저기 저렴하게 구매했어요	1	0	0	0	0	0	0	0
58	믿고 구매할수있어요^^	1	0	0	0	0	0	0	0
59	사용하기 만족합니다.	1	0	0	0	0	0	0	0
60	일단 주문 후에 변경 및 취소가 불가. 앱이든 폰버젼이든. 이건 분명하다 본사 담당자 일 안함	1	1	0	0	0	0	0	0
61	다운로드안되고 개불편.ㅠ	0	1	0	0	0	0	0	0
62	원하는 상품 발품 안팔아도 되고 집까지 안전하게 배송^^~ 할인까지 덤으로~ 완전 좋아요	1	0	1	0	0	1	0	0
63	다른사이트에비해비싸요 그렇지만 물건도 다양하고 상품이 좋아요	1	1	0	0	0	0	0	0
64	좋아요	0	0	0	0	0	0	0	0
65	믿고 사는	0	0	0	0	0	0	0	0
66	매우만족 합니다.	0	0	0	0	0	0	0	0
67	홈쇼핑하기 좋은곳^^	0	0	0	0	0	0	0	0
68	업데이트를 안하면 앱 자체를 이용하지 못하게 해놨네요? 웬 자신감인지.. 이번에 필요한 것만 해결하고 더 안쓰렵니다.	1	1	0	0	0	0	0	0
69	굿	0	0	0	0	0	0	0	0
70	종종 특가도 해서 좋게 좋게 이용 중에 있습니다.	1	0	0	0	0	0	0	0
71	그냥 쇼핑몰 앱이다. 그런데 왜 주문 확인 시마다 앱 설치 모드로 들어가는 거야. 젠장	1	1	0	0	0	0	0	0
72	알림 채널을 하나를 안 쓰고 계속 새거로 만들어 쓰나요? 계속 오는 알림 길게 눌러서 해당 채널을 안받기로 바꿔도 새로운 채널로 광고 계속 보내네요. ㅡㅡ 안드로이드 P OS부터는 채널을 설정해야 될텐데, 기존 방식대로 하나보죠?	0	1	0	0	0	0	0	1
73	배송 빨랐어요 소 모유유산균 이고 너무달아 상품은 별1개입니다	1	0	1	0	0	0	0	0
74	종종 특가도 해서 좋게 좋게 이용 중에 있습니다.	1	0	0	0	0	0	0	0
75	알림설정을 무음으로 바꾸는데도 계속 새 채널로 들어와서 앱 삭제합니다. 평가 보니까 저랑 같은 의견주시는 분들 있는데 아직까지 개선할 의지가 없는걸 보면 그냥 이대로 가려고 하는듯 하네요. 다른 쇼핑몰들이 바보라서 무음알림되게 하는게 아닐텐데요. 쇼핑소식 받아보고 구매하려는 소비자들이 있는데 세심하게 의견반영되지 않는게 아쉽습니다. 앞으로 롯데에서는 안 살것 같네요.	1	1	0	0	1	0	0	0
76	알림설정 소리안나게 변경해도 계속 채널 바꿔서 치고 들어오네요. 알림 아예 껐습니다. 이것도 무단 변경하면 앱 삭제하고 구글에 신고하겠습니다	0	1	0	0	0	0	0	0
77	지금 카드할인들이 삼성.국민.농협.롯데카드만 계속돌고도는데 한달다대감 ㅡㅡ;; 비씨카드나 신한카드안하냐 전화문의하니 모바일이 좀문제있어서 업뎃이안됫다고하구 언제되는건가요 카드사할인해택을 제한한것인지!!!!롯데닷컴 안쓰게만드네요!!	1	1	0	1	1	0	0	0
78	좋음	0	0	0	0	0	0	0	0
79	잘받았고 잘맞아요~ 고맙습니다...	0	0	0	0	0	0	0	0
80	깔고사용하는데또업데이트하라그러고광고수신하라그러고휴	1	1	0	0	0	0	0	1
81	다른 쇼핑몰보다비싸다 물건이 다양하지않다	1	1	0	0	0	0	0	0
82	아주좋은 쇼핑	0	0	0	0	0	0	0	0
83	백화점 가지 않고 집에서 편하게 제품 받아볼수 있어 좋아요	1	0	0	0	0	0	0	0
84	환불 입금 좀 빨리 해주세요	1	0	0	1	0	0	0	0
85	타사이트에비해비싼게 가끔있어요.그래서사용빈도가줄었어요	1	1	0	0	0	0	0	0
86	좋음	0	0	0	0	0	0	0	0
87	좋아용	0	0	0	0	0	0	0	0
88	이게 뭐예요.. 잘쓰고 있었는데.. 업이트도 제거도 설치도 아무 것도 안되요.	0	1	0	0	0	0	0	0
89	편리해서 쓰기 좋아~~요 ㅋ	0	0	0	0	0	0	0	0
90	좋아요~~~~~~	0	0	0	0	0	0	0	0
91	유료 멤버쉽까지 포기하고 지우기 전에 평가	0	0	0	0	0	0	0	0
92	롯데 싫음	0	0	0	0	0	0	0	0
93	빠르고 친절한 배송으로 물품을 잘받았으며 제품를 보호하는 포장도 단단했고 하자없는 상품이고 보니 가성비가 짱~!입니다	1	0	1	0	0	0	0	0
94	웹이든 앱이든 가입 자체가 어렵네요. 그리고 주소지 변경도 제대로된 주소검색이 안되고 솔직히 싼물건 있어서 참고 주문해 볼려고 하고 있는건데 다음엔 안쓸거 같아요. 왜 이렇게 복잡하게 만들어져 있나요? 10년 시스템인줄	1	1	0	1	0	0	1	0
95	토리버치랑 지방시랑 다 거의 50% 가까운 가격으로 할인되네요	1	0	0	0	0	1	0	0
96	로그인조차 불가능하다. 이걸 사용하라고 만든 거냐? 쇼핑몰 앱수준이 이런 수준인데 무슨 구매를 하겠냐?	1	1	0	0	0	0	0	0
97	은근 가격이 괜찮음. 혜택이 쏠쏠함.	1	0	0	0	0	1	0	0
98	제품이 맘에 들었습니다 바느질도 꼼꼼하고 색상도 원하던 그대로라 좋았습니다	1	0	0	0	0	0	0	0
99	저희가 엘리베이터가 없는 아파트라서 배달해주신게 정말 감사했어요	0	0	1	0	0	0	0	0
100	제품에 하자가 너무많고 거기에대한 응대 또한 없어서 어이없음	1	0	0	0	1	0	0	0
101	Good입니다~~♧	0	0	0	0	0	0	0	0
102	굿 ㅣ	0	0	0	0	0	0	0	0
103	가격대비 좋은상품	1	0	0	0	0	1	0	0
104	편하게 보려고 받은 앱이 더 느려서 당황	0	1	0	0	0	0	0	0
105	저번에 너무 느리다고 글 올렸더니 며칠 뒤에 바로 빨라졌는데.. 얼마안가네요;; 요즘엔 또 다시 느려졌어요💦 와..진짜 쓰고싶어도 쓰질못하네요,.. 각 카테고리에서 밑으로 내릴 때, 뚝뚝끊기고..내리고도 한 3초 뒤에 내려가고..그러지않게 좀 자연스럽게 내려가게 개선해주세요 부탁이에요......!	0	1	0	0	0	0	0	0
106	와 진짜 너무 느리고 오류많고 불편합니다	0	1	0	0	0	0	0	0
107	아무 메시지도 없이 할인쿠폰 받기는 안되는데... 고객센터에서는 ... 어느 폰인지, 운영체제는 뭔지 묻지도 않은 체로 ... 자기는 되니까 내가 문제라고 하고... 혹시나해서 앱 지우고 다시 깐 뒤에 쿠폰다운 받으려니까 - 모바일 전용 쿠폰이니까 모바일 앱을 다운받아서 다시 시도하라고 하고 ㅋ ... 다시 눌르니까 똑같이 아무 반응 없고... 총체적 난국인듯	1	1	0	1	1	1	1	0
108	다운로드가 안돼요	0	1	0	0	0	0	0	0
109	좋아요.쎄일도많구	0	0	0	0	0	0	0	0
110	편리하게 사용하고 있는데 이벤트가 많았으면 좋겠음	1	0	0	0	0	0	1	0
111	업데이트불가	0	1	0	0	0	0	0	0
112	다양한컨텐츠	0	0	0	0	0	0	0	0
113	배송도 빠르고 옷 품질도 쵝오입니다~~담에도 또구입할의사 있습니다~~감사합니당	1	0	1	0	0	0	0	0
114	좋아요	0	0	0	0	0	0	0	0
115	굿 말이필요하겠어요?	0	0	0	0	0	0	0	0
116	빠른배송 좋아욤	0	0	1	0	0	0	0	0
117	싸게 살수 잇어요	0	0	0	0	0	0	0	0
118	찻잔젤저렴히구매했어요	1	0	0	0	0	1	0	0
119	카테고리정렬이 없어져 너무 불편하고 렉은 또 대박작렬 ㅠ 앱담당자는 신세계앱 담당자한테 가서 좀 배우고오셈! 이걸앱이라고 만든겁니까? 최악의 업뎃!	0	1	0	0	0	0	0	0
120	로그인 오류: 대체 앱관리자가 있긴하고, 리뷰를 보긴하나요? 같은 내용의 리뷰가 수두룩하니 게재가 되었는데 답글도 없고, 오류 수정도 안되고... 로그인 오류가 발생해서 리뷰가 올라오기 시작한지가 언제인데 아직까지 묵묵부답, 롯데닷컴을 이용하지 말라는 건지?	1	1	0	0	0	0	0	0
121	나름 신속 정확하게 상품도 좋고 택배도 좋습니다	1	0	1	0	0	0	0	0
122	아니 도대체 업데이트 한번 할려고 몇 십분을 기다려야 하는지요 업데이트 속도가 너무 느려서 저커하고 다시 설치해도 먹통 도대체 누가 개발 한건지 업데이트 안하고 싶은데 안하면 접속 자체가 안되니까 짜증납니다	0	1	0	0	0	0	0	0
123	조아여	0	0	0	0	0	0	0	0
124	조아요	0	0	0	0	0	0	0	0
125	실용적이요..	0	0	0	0	0	0	0	0
126	개인적으로는 좋아요	0	0	0	0	1	0	0	0
127	결재창에서 화면이 넘어가지 않아요ᆢ매번ᆢ나름 단골이었는데 이것 때문에 화가나서 요즘 이용 안했는데 오랜만에 와보니 여전히 결재가 안되네요ᆢ최악의 앱시스템이에요	1	1	0	1	0	0	0	0
128	가끔사용합니나	1	0	0	0	0	0	0	0
129	최악입니다 느리고	0	0	0	0	0	0	0	0
130	geiyoydour	0	0	0	0	0	0	0	0
131	좋아요	0	0	0	0	0	0	0	0
132	좋아요 좋아	0	0	0	0	0	0	0	0
133	좋아요ㅇ	0	0	0	0	0	0	0	0
134	리뷰쓰기위해 깔았습니다 누군가가 결제한게 왜 저한테 톡이오는거죠? 저한테 보낸것도 아닌데...잘못 온 거 같은데 진짜 처음 봤을 때 어이없었습니다	0	0	0	1	0	0	0	0
135	다른 곳 보다 저렴하게 잘 구매하고 있어요~	1	0	0	0	0	0	0	0
136	비회원으로 주문하시려면 부디 신중하게 하세요. 돌이킬 수 없습니다.	1	1	0	0	0	0	0	0
137	화장품 가격 진짜 저렴, 입생로랑 구매했어요.	1	0	0	0	0	1	0	0
138	쇼핑앱 중에 제일 느리고 구림 아ㅏㅏ주 경악스러울 정도로 구려요! 이런 앱에서 사야만 혜택을 준다는게 정말... 전 자본주의의 노예니까 어쩔 수 없지요 ㅎ	0	1	0	0	0	0	0	0
139	빨리 받아봐야 하는 상품이였는데 배송이 빨라서 이렇게 리뷰도 남기네요^^ 감사합니다.	1	0	1	0	0	0	0	0
140	빠른배송 감사	0	0	1	0	0	0	0	0
141	최악입니다. 앱구매 혜택이 있다고 로그인을 하라는데 로그인이 막히면 어쩌나요.	1	1	0	0	0	0	0	0
142	로긴이 자꾸 끊겨요ㅡㅡ	0	0	0	0	0	0	0	0
143	별하나도 아까움, 아디비번바꾼적도없는데 불일치라니@@쓰지말란건지	0	0	0	0	0	0	0	0
144	반쪽짜리 통합. 단순 브라우저 기능 외에는 없음. 특정 이벤트라던가 직접 앱실행이 필요한 경우 해당 앱으로 넘겨주는 경우도 있지만 아닌 경우도 있어서 일관성 떨어짐. 이 리뷰는 롯데닷컴 앱에 작성했지만 실제로 7개 앱 리뷰를 다 쓴다면 다 마찬가지.	0	1	0	0	0	0	1	0
145	통합되서 좋은가 했는데 어플 속도는 엄청 느리고, 한 두 브랜드 빼고는 각각 어플 로그인해야 출첵 등 가능하네요. 단지 구매를 위한 어플 통합과 이런 홈페이지가 있다 라는 것만 알리기 위해 통합한건가요? 속도는 느리더라도 어플들을 합쳐야 하는 거 아닌가요? 단지 판매율 높이려는 의도 밖에 안보이네요	1	1	0	0	0	0	1	0
146	오 통합되어 좋으네요ㅋㅋ	0	0	0	0	0	0	0	0
147	어플 쓸때마다 업데이트 해야하는거 너무하지않냐	0	1	0	0	0	0	0	0
148	용량잡아먹으면서 강제 업뎃좀 하지마요	0	1	0	0	0	0	0	0
149	좋아요	0	0	0	0	0	0	0	0
150	롯데닷컴 잘 쓰고 있었는데 합치려면 제대로 잘 합치던지 아예 열리지도 않는데 뭐죠?	0	0	0	0	0	0	0	0
151	믿고 살 수 있어서 좋아요	0	0	0	0	0	0	0	0
152	좋습니다요~	0	0	0	0	0	0	0	0
153	임직원혜택이 일반할인보다 못한 불편한 진실	0	0	0	0	0	0	0	0
154	좋아요	0	0	0	0	0	0	0	0
155	잘받았어요~	0	0	0	0	0	0	0	0
156	포인트	0	0	0	0	0	0	1	0
157	검색 최강! 가격비교시 너무 좋아요	1	1	0	0	0	1	0	0
158	좋아요~~ 부모님선물했는데 너무 편하다고 하십니다.	0	0	0	0	0	0	0	0
159	회원가입도 안했는데 상품 배송은 뭐죠? 상품 신청 한적도 없는데	1	1	1	0	1	0	1	0
160	백화점 물건을 싸게 살수있네요	1	0	0	0	0	0	0	0
161	구정에도 선물 받았는데 추석에 또 받았네요 가족들과 함께 맛있게 잘 먹었어요 술 안주로 최고 입니다	1	0	0	0	0	0	0	0
162	전화받는 상담원이 엄청 불친절하네요.. 제가 굉장히 귀찮은가 봅니다. 직원에게 폭언어쩌고 하게 전에 응대를 좀 친절히 했으면 좋겠네요. 어려운일도 아닌데.. 전화하는 동안 내가 뭘 잘못한 느낌이였네요..	0	0	0	0	1	0	0	0
163	앱이 왜이리 무거운가요? 쇼핑앱이 이렇게 무겁고 딜레이되는건 처음이네요. 답답해서 뭘 살수가있어야조... 좀 가볍게.다시좀 개방해보세요 ㅡㅡ.	0	1	0	0	0	0	0	0
164	좋은가격에 제가 원하던 싸이즈 예요 생각보다 빨리도착했어요 잘 쓸게요	1	0	1	0	0	1	0	0
165	롯데시렁	0	0	0	0	0	0	0	0
166	이게 뭡니까.회원가입 다하고 로그인 할려하니 금방 한건데도 회원정보가 존재하지 않는다고 로그인이 안됩니다.진짜 어이없네	1	1	0	0	1	0	1	0
167	일본기업 안팔아줄랍니다.	0	0	0	0	0	0	0	0
168	좋아요 서비스도좋고 항상잘쓰고있어요	0	0	0	0	1	0	0	0
169	내 최애앱	0	1	0	0	0	0	0	0
170	결제하는데 진짜 화가 날 정도입니다. 카드결제 복잡하게 해놓고 설정이 제대로 먹히지도 않고 신용카드 찾아다 겨우 결제했네요	0	1	0	1	0	0	0	0
171	배송도 빠르고 다른 사이트보다 저렴하고 좋아요	0	1	1	0	0	0	0	0
172	다른 몰에 비해 롯데관련 몰은 속도가 현저히 느림.. 특히 구매창 넘어갈땐 90년대 랜선 마냥..	1	0	0	0	0	0	0	0
173	넘 좋아요~~~^^♥♥♥	0	0	0	0	0	0	0	0
174	도대체 한두번도아니고 로그아웃대서 비번치면 일치가안된다고 나오고 비번찾기누르면 인증안돼고 도대체 누가 도용하나 왜이래요 쓸수가없어요	0	1	0	0	0	0	0	0
175	오늘 오전부터 갑자기 아예 앱이 켜지질 않아요. 뭔일일까나요- 한국인은 사용 못한다던지 뭐 그런건가요? 저번주에 티 주문했더니 오늘 바지 왔던데. 다짜고짜 교환되니까 환불하라고 그러고. 롯데가 망쪼가 든건지.	1	1	0	0	0	0	0	0
176	로봇기능 있어 넘 좋아여!	0	1	0	0	0	0	0	0
177	왜 자꾸 아이디와비번이 틀리다고하는지요~ 롯데계열사랑 통합되어서 다른사이트는 열려있는데 롯데닷컴만 안되네요 이유가 뭡니까 답답하네요.	0	1	0	0	0	0	0	0
178	진짜 진짜 불편하다 뭘할때마다 인증에 확인에 등록은 안되고 오는 고객 다 떠나겠다 에휴...	0	1	0	1	1	0	0	0
179	접근성이 종떨어지는것이 문제네요	1	0	0	0	0	0	0	0
180	8일 첫 ㄹ4ㅛㅕㄹ7	0	0	0	0	0	0	0	0
181	개선되니 좋네요	0	1	0	0	0	0	0	0
182	진짜 답답해서 그런데 비회원은 반품도 못해요? 반품하기 누르고 비회원 주문번호 쓰면 그냥 뭐시켰는지만 뜨고 반품이나 정보변경같은게 안나오잖아요 미친거에요? 오늘 흑우 하나 제대로 잡으셨네요^^ 상담시간 1시까지인 마케팅 잘봤구요 비회원은 사람취급도 안한다 이거죠? 일본기업다운 개돼지전략 아주 좋습니다 이딴식으로 어플만들거면 걍 없애요 뭐하러 있는거야 이거	1	1	0	0	1	0	0	0
183	롯데닷컴 어플 접속자가 많으면 얼마나 많다고 점심시간에 로그인이 튕기나요? 그래서 다시 로그인하려니까 무한로딩중이네요. 이게 한두번이여야지 매번 이러니까 진심 화나요. 서버를 2만원짜리로 만들었나 판매량이 몇백배 되는 위메프어플도 이렇게 점심시간에 튕기지는 않아요	0	1	0	0	0	0	0	0
184	회원가입했는데 왜 계속 비밀번호 아이디 불일치라 나오죠 번호변경해도 로그인이 안되네요 넘 불편 해요	0	1	0	0	1	0	1	0
185	참 좋아요 정말 구입한 것 같아요	1	0	0	0	0	0	0	0
186	앱 너무 느림 옥션.지마켓.11번가...이런 곳과 비교하면 너무 느려터짐	1	1	0	0	0	0	0	0
187	일본기업 불매. 롯데아니어도 구매할 곳은 널려있음. 안년 재팬롯데야	1	0	0	0	0	0	0	0
188	롯데불매	0	0	0	0	0	0	0	0
189	아니 ㅆ 투더 발 이걸 왜 깔아야 배송조회 가능한데 ㅋㅋㅋ열심히 돈벌어 ㅋㅋ부모도읎ㄴㅏ	0	0	1	0	0	0	0	0
190	당췌 쿠폰 다운로드 팝업은 다운받았는데도 계속 무한정 뜨고 배송지 변경은 사자마자 변경하지도 못하게 막아놓고 너무 불편해서 직접 고객센터에서 변경하도록 하여 매우 불편합니다.UI를 어떻게 이렇게 불편하게 설계한건지 이해가 안가네요.	0	1	0	1	1	0	1	1
191	쇼핑하기 편하게 되어있네요~ 좋아용	0	0	0	0	0	0	0	0
192	할인상품이 생각보다 많아서 잘 사용하고 있습니다	1	0	0	0	0	1	0	0
193	오늘 배송 받은 삼겹살 찌개용은, 냉동 상태로 보내 주신것 같은데, 이미 다 해동이 되어서 신선도가 많이 떨어지고 약간의 물에 잠겨 있었습니다. 불안해서 먹을 수가 없는데 어찌해야 하나요?	1	0	1	0	0	0	0	0
194	빠른 배송 좋아요~!!	0	0	1	0	0	0	0	0
195	롯데 쓰레기다 전범기업 불매한다	0	0	0	0	0	0	0	0
196	구매를하고 도착 날짜까지 온 다음에 품절이라며 구매취소해달라하고 가격올려서 다시판매하네 가격가지구 장난하나 물품번호랑 도착날자는 제고 확인도 안하구 보내나 보내 고객 가지고 장난치는 롯데 생각할수록 어이가없내	1	1	1	0	1	1	0	0
197	6월말 업데이트이후 물마시기 알림도 안오고 만보기도 휴대폰에 있는거는 잘되는데 엘포인트 만보기는 작동안함 어떻게 해야할까여?	0	1	0	0	0	0	1	0
198	업데이트 하고 광고화면 나오고 더이상 진행 안되고 먹통됨 ㅠ.ㅠ 정말	0	1	0	0	0	0	0	1
199	휴대전화번호를 계속누르라는데 누르는곳이없네여...?	0	0	0	0	0	0	0	0
200	배송도 빠르고 싼 제품인데 고급지게 배송와서 넘 좋네요	1	0	1	0	0	0	0	0
201	앱이 켜지자 마자 bad request로 넘어가버리니 아무 것도 할 수 있는게 없네요	0	1	0	0	0	0	0	0
202	롯데 정말 서비스 최악이네요. 26일 수요일 결제진행하는데 4분지나서 목요일되고 목요일건으로 출고지시 나간다는데 뭔 몇일 씩 걸리고 7월 2일 출고된다고 카톡온 상품이 사이트들어가니 지멋대로 7월 3일 출고예정이었다가 7월 4일 출고로 늘어나있고 고객한테는 일절 연락도 없고 연락 내가 출고방법모르는 바보취급당하고 결국은 상품 품절이라 못보내준다네요? 장난하나요 재고 확보도 안된 물건 왜 파나요; 무에서 유를 창조하시네. 빈폴매장^^ 신세계에서 금요일 결제한 캐리어는 담날 토요일 집으로 도착했네요^^	1	1	1	1	1	0	0	0
203	이벤트 조기종료해서 열받은게 나만그런게 아니었구나 조기 종료한놈 좀 만나게해주세요	0	0	0	0	0	0	1	0
204	이벤트 기간 졸렬하게 조기종료 시키는 기분나쁜 경험 덕분에 사용할 마음 싹 사라짐	1	0	0	0	0	0	1	0
205	사진보다 작고 예뻐요~^^맘에 쏙	0	0	0	0	0	0	0	0
206	회원가입 다하고 로그인 할려니까 왜 아이디랑 비번 다르다고하냐? 장난하냐? 몇번째하는지 아냐? 다시 회원가입할려고 하면 이미 회원가입되있고 로그인 할려고 하면 아이디랑 비번 다르다고하고 장난하냐? 때려치워 안해!	0	1	0	0	1	0	1	0
207	들어갈 때마다 로그인 하게 하더니 이제는 아예 로그인 자체가 안되네요.	0	1	0	0	0	0	0	0
208	결제가 왜 안됩니까?? 아놔 서버오류네 뭘까요??	0	1	0	1	0	0	0	0
209	내가 리뷰 첨 남기는데 진짜 물건 사지도 않았는데 뭔놈의 인증을 하라고 비회원구매도 인증 인증 어우 짜증 안 사	1	1	0	0	0	0	0	0
210	오른쪽 어께 앞부분이 바느질이 안돼어있어고요. 바느질이 엉망 싸구려 티나요 교환하려다가 제가 수선했습니다. 앞으로 꼼꼼히 살펴보시고요. 보내세요.	1	0	0	0	0	0	0	0
211	반품 정말 복잡하고 고객센터 상담원도 어리벙벙하고 정말 불편하네요 다신 안쓰려고요	1	0	0	1	1	0	0	0
212	메뉴 이동이 잘 안됨	0	0	0	0	0	0	0	0
213	로그인 하나도 안됨	0	1	0	0	0	0	0	0
214	다운안됨..	0	0	0	0	0	0	0	0
215	로그인이라도 되면 다행이지 싶네 ㅠ 하 앱을 이따구로 만들어놓고 먼	0	1	0	0	0	0	0	0
216	회원가입할 때 휴대폰번호 적는 칸도 안 만들어놓고 자꾸 휴대폰번호 쓰라는건 뭐냐구요 회원가입을 하라는거야 말라는거야	0	1	0	0	1	0	1	0
217	간편해서 종종 이용합니다.	1	0	0	0	0	0	0	0
218	기존등급 유지 안되고 자기들 맘대로 새로 했는데 전부터 공지했다는데 대체 어디에 공지해놨었는지 모르겠네요...앞 분 의견과 공감~ 상품 수도 엄청 줄고 버벅거리고 엉망진창임	1	0	0	0	0	0	0	0
219	그런대로 괜찮네요 다만 상 각을 조금 더 두었으면 모양이 살것갇네요.	0	0	0	0	0	0	0	0
220	유용함	0	0	0	0	0	0	0	0
221	감샤합니다	0	0	0	0	0	0	0	0
222	멀티로 다른앱들갔다가 다시들어가면 첨부터 다시 켜져요. 진짜불편 ;;	0	1	0	0	0	0	0	0
223	이렇게 되면 또 다시 한번 가보고 싶네요	0	0	0	0	0	0	0	0
224	최고입니다. 상품도 다양하고 각종혜택도 받기 편리합니다.	1	0	0	0	0	0	0	0
225	고객님, 안녕하세요. 롯데닷컴입니다. 먼저, 쇼핑에 불편을 드려 죄송합니다. 지속적으로 서비스 개선을 위해 노력하고 있으나 만족시켜드리지 못한 점 사과 드립니다. 말씀해주신 오류 내용에 관련하여 정확한 현상 확인이 어렵습니다. 번거로우시겠지만, 자세한 오류 내용 및 사용 기기를 (mlotte@lotte.com) 로 보내주시면 확인 후 안내드리도록 하겠습니다. 롯데닷컴 서비스 이용에 불편을 드려 다시 한 번 죄송합니다. 감사합니다.	1	1	0	0	1	0	0	0
226	최초결제쿠폰 받아서 결제하다 오류나니까 쿠폰사라짐 ㅋ 앱 바로지우고 쿠팡에서 삼...	0	1	0	1	0	0	1	0
227	설치가 엄~~~~~청 늦게 됩니다. 설치하지 마세요!!!!	0	1	0	0	0	0	0	0
228	도돌런처 스티커 살려고 했는데 이앱을 설치하라네요... 뭐 스티커를 살수 있으니 나쁘진 않네요... 하지만 쓸데없이 설치하고 싶진 않은데 어쩔수 없네요 뭐 나쁘진 않은니 별 3개 드립니다...	0	1	0	0	0	0	0	0
229	로그인할때마다 비번바꿔야됨 하루에 2번바꿨음ㅋㅋㅋ	0	1	0	0	0	0	0	0
230	별하나도 아까움 상품 선택후 주문하기 누르면 기본적으로 몇천원씩 가격이 뻥튀기됌 인심쓰듯 쿠폰쓰라함ㅋㅋㅋ	1	1	0	0	0	1	1	0
231	좋읍니다	0	0	0	0	0	0	0	0
232	편합니다	0	0	0	0	0	0	0	0
233	굿	0	0	0	0	0	0	0	0
234	모바일 쇼핑에 편한기능이 많네요.	0	1	0	0	0	0	0	0
235	어플을 발로만들었나요 사용하기 너무불편함 브랜드검색도 제대로안되고	1	1	0	0	0	0	0	0
236	네이버 로그인 안됌 그랬어 앱 가입 할려고하니 안됌 개판 왕짜증 휴대폰.이름 적으라고 하는데 정말 웃긴 쇼핑몰 역시 모바~~일 쇼핑은 옥션이 최고야 ~~~~~~~~~~~~	1	1	0	0	0	0	1	0
237	필요한 것에 대해 흡족한 금액으로 구매가 가능해서 만족합니다.	1	0	0	0	0	0	0	0
238	이상해요 살인자 암살자	0	0	0	0	0	0	0	0
239	로그인을 계속하라고 하네요 주문하는데 로그인만 몇번째인지 ㅠㅠ 왜 자꾸 이런 현상이 일어나는거죠? 슬슬 짜증나려고 해요	1	1	0	0	0	0	0	0
240	설치중에서 넘어가질않아요 일주일째 사용못함	1	1	0	0	0	0	0	0
241	롯데닷컴 이용할 때는 못 느꼈던 불편들이 통합되고는 팍팍 느껴집니다 ㅠㅠ 사이트도 더 보기 불편하고 검색도 편한지 모르겠고 여러개 골라서 주문하니까 결제오류 심하네요	1	1	0	1	0	0	0	0
242	톰보트좋아요~영~스타일로 크지않아 맘에 쏙 듭니다	0	0	0	0	0	0	0	0
243	로그인 오류 도대체 언제까지 참아야하나요?	0	1	0	0	0	0	0	0
244	로그인 자체가 안 돼요. 20번도 넘게 하다가 혈압 올라 죽는 줄... 이 상태로 오픈을 했다는 게 놀라울 따름입니다	1	1	0	0	0	0	0	0
245	1로그인안되	0	1	0	0	0	0	0	0
246	로그인이 안되요	0	1	0	0	0	0	0	0
247	비번 재설정 계속해도 로그인 안됨ㅠ 완전 짜증남.. 컴은 되는데 폰은 안되고.. 이거 뭐야!	0	1	0	0	0	0	0	0
248	품위있고 너무나 예뻐요	0	0	0	0	0	0	0	0
249	다 모아놓으니까 사용하기 편리해요!	1	0	0	0	0	0	0	0
250	롯데의 쇼핑앱이 여러 개여서 헷갈렸는데, 일괄성이 없어보였었는데, 통합되어 편리해졌습니다.	0	1	0	0	0	0	0	0
251	좋습니다	0	0	0	0	0	0	0	0
252	굿	0	0	0	0	0	0	0	0
253	고객님, 안녕하세요. 롯데닷컴입니다. 먼저, 쇼핑에 불편을 드려 죄송합니다. 말씀주신 현상에 대해서 수정 조치가 되었습니다. 신규 버전 앱을 다운받으셔서 정상 서비스 이용을 부탁 드립니다. 항상 고객님에게 편안한 서비스를 제공할 수 있도록 노력하겠습니다. 롯데닷컴 서비스 이용에 불편을 드려 다시 한 번 죄송합니다.	1	1	0	0	1	0	0	0
254	귀챠네요	0	0	0	0	0	0	0	0
255	업데이트하고나서 결재가 안되네요	0	1	0	1	0	0	0	0
256	속도도 느리고 개판	0	0	0	0	0	0	0	0
257	서비스에 신경써주시기바립니다.	0	0	0	0	1	0	0	0
258	좋아요~	0	0	0	0	0	0	0	0
259	굿!!	0	0	0	0	0	0	0	0
260	통합이 되긴 됐는데 불편하네요 속도가 여전히 느리고... L포인트나 M쿠폰은 그대로 유지를 해야하고	0	0	0	0	0	0	1	0
261	좋아요	0	0	0	0	0	0	0	0
262	'피부 7<>	0	0	0	0	0	0	0	0
263	백화점가서 제값주지말고 저렴히 롯ㆍ닷	0	0	0	0	0	0	0	0
264	좋습니다.	0	0	0	0	0	0	0	0
265	좋아요 99	0	0	0	0	0	0	0	0
266	좋아요	0	0	0	0	0	0	0	0
267	쉽게 찾고 검새하고 편하게 볼수 있어 좋으네요.	0	0	0	0	0	0	0	0
268	오류가 자주 나고 속도가 느림	0	1	0	0	0	0	0	0
269	보기 편합니다	0	0	0	0	0	0	0	0
270	너무 자주 업데이트 됨.메모리용량 괴물	0	1	0	0	0	0	0	0
271	좋아요	0	0	0	0	0	0	0	0
272	좋아요	0	0	0	0	0	0	0	0
273	좋아요	0	0	0	0	0	0	0	0
274	다양한 제품이 많아요	1	0	0	0	0	0	0	0
275	좋아요	0	0	0	0	0	0	0	0
276	좋다	0	0	0	0	0	0	0	0
277	쇼핑하기 편하게 되어 있어요	0	0	0	0	0	0	0	0
278	엘페이결제시 ARS인증 절차 생긴이후로 다른곳에서 쇼핑하게되네요... 편하고 빠르게 결제할려고 엘페이가 생긴게 아닌가요 ..	0	1	0	1	0	0	0	0
279	별 1개도 아깝네요 화면 잠시 껏다키면 초기화되있고, 통합이라면서 롯데닷컴에서 구매했는데 구매내역 조회도 안되고 답답한어플	1	1	0	0	0	0	0	0
280	굳	0	0	0	0	0	0	0	0
281	고객응대 친절하고, 빠르게 처리해줘서 감사합니다.	0	0	0	0	1	0	0	0
282	종류가 다른 싸이트에 비해 많아 좋아요~	1	1	0	0	0	0	0	0
283	굿	0	0	0	0	0	0	0	0
284	롯데신용카드 및 엘포인트를 쓰는지라 정말 롯데를 이용하고 싶지만...어플로 몇 번 시도하다 포기하고 이마트로 넘어간게 한 두번이 아닙니다...정말 애용하고 싶은 마음이 간절해 자진해서 리뷰 쓰러 왔습니다...1. 뒤로 누르면 매번 스크롤이 처음으로 올라가있어서 처음부터 다시 스크롤을 내려 원래 보던 위치까지 다시가야 합니다->이러다 보니 뭔가를 누르기 무서워 살 수가 없습니다. 이마트처럼 클릭하지 않고도 목록에서 바로바로 장바구니에 담을 수 있는것도 아니라서 정말 클릭하지 않으면 구매가 안되는데....2. 구매로 이어지는 클릭수가 너무 많습니다....품목 클릭->장바구니 담기 클릭->장바구니 또는 바로구매던가 클릭...무려 세번이나 클릭해야 겨우 장바구니에 담깁니다....이마트같은 경우는 목록에서 바로 클릭하면 장바구니에 담기는, 즉 클릭 한 번만 하면 되는것에 비해...물건을 5개 담는다치더라도 벌써 10번의 차이가 납니다. 클릭 별거 아닐 수도 있는데 이거 의외로 귀찮아서 하다보면 짜증이 납니다...3.카테고리 분류가 좀 비효율적입니다. 처음에는 너무 크게 분류되어있고 갑자기 너무 세분화됩니다. (롯데온에 식료품만 사러 오는 사람으로써 수많은 카테고리에서 식료품인가를 찾아들어가는 것부터 짜증이 납니다...) 그리고 두번째카테고리가 다 보이지 않아 굳이 더보기를 눌러야 하는 것도 짜증이납니다. 그런 후 세번째에 갑자기 너무 많이 세분화되어 혼란스럽스러운 목록을 보며 내가 원하는걸 찾다보면 그냥 에라이 하고 어플을 끄고 이마트로 넘어갑니다. 그리고 이마트어플로 장보다보면 엄청 빠르고 신속하게 장보기를 마치게 되지요...혹시 매출이 줄어들거나 잘마오지 않는다면 한 번 고려해보시기 바랍니다. 롯데카드 및 엘포인트를 쓰는 저도 쓰는것을 포기하게 만든 어플인데...남들은 오죽할까 싶습니다...	1	1	1	1	0	0	1	0
285	즐기면서 쇼핑하고 있습니다.	0	0	0	0	0	0	0	0
286	굿	0	0	0	0	0	0	0	0
287	편리함	0	0	0	0	0	0	0	0
288	완전좋아요 여기다있네ㅎ	0	0	0	0	0	0	0	0
289	업데이트 좋아요~	0	1	0	0	0	0	0	0
290	좋아요	0	0	0	0	0	0	0	0
291	색상 디자인 빠른 배송 모두 만족합니다💕	1	1	1	0	0	0	0	0
292	상품발송 엄청 빨라요 제가 시험삼아 롯데닷컴에 제품 하나, CJ몰에 제품 하나 시켰는데 롯데닷컴은 영업시간 오전에 바로 발송완료인데 Cj몰 제품은 하루가 끝나가고 있는데 아직도 상품준비중이네요. 게다가 CJ몰은 상품문의 답글도 엄청 늦고, 재고 관리도 제대로 안함	1	0	0	0	1	0	0	0
293	아 배송정보확인하기 겁내 짜증나게 해놨네 롯데에서 주문안할란다 이제	1	1	1	0	0	0	0	0
294	좋아요	0	0	0	0	0	0	0	0
295	인터넷사이트에서는 로그인이 잘되는데 앱에서는 회원정보가없다네요?	1	1	0	0	1	0	0	0
296	배송지주소 추가수정하는곳좀 만들어주세요.결제오류나면 새주소입력을 무한반복해야합니다.정말 힘드네요ㅠㅠ 왜자꾸 저혼자 앱이 팝업되어있는건지 이유를 알 수 없네요. 삭제합니다 ㅠㅠ	0	1	0	1	0	0	0	1
297	뭔 앱이 쉴 새 없이 떠요;; 심지어 다른 앱을 눌렀을 때도 롯데닷컴 앱이 추가로 뜨네요.. 광고인지 뭔지 모르겠지만 짜증나서 지웁니다.	0	1	0	0	0	0	0	1
298	생각보다 빠른 배송 감사하고 냄세가 많이 나서 아직 사용 못하고 있으나 푹신하고 건강에도 좋을것 같아 안심하고 사용할것 같다	1	0	1	0	0	0	0	0
299	편해요	0	0	0	0	0	0	0	0
300	good	0	0	0	0	0	0	0	0
301	굿굿굿	0	0	0	0	0	0	0	0
302	굿	0	0	0	0	0	0	0	0
303	요즘앱 같지 않음! 장바구니에 넣어둔 상품 클릭하면 해당 이벤트 기간이 아니라고 뜸 몇번 다시 왔다갔다하며 클릭해야 볼수 있음 그외 배송기간은 왜그리 긴지... 엄청불편함 ㅠ	1	1	1	0	0	0	1	0
304	정말 별로인거같습니더	0	0	0	0	0	0	0	0
305	비교해보고 사는편인데 다른데 보다 상품도 많고 훨씬 저렴한거 같아요	1	0	0	0	0	0	0	0
306	좋아요	0	0	0	0	0	0	0	0
307	굉장히 잘 쓰고 있습니다	0	0	0	0	0	0	0	0
308	별점 후하게 주고 갑니다~	0	0	0	0	0	0	0	0
309	무슨 결제만 누르면 오류가떠요	0	1	0	1	0	0	0	0
310	给i个i姐姐了解 进口美女没看计划经济	0	0	0	0	0	0	0	0
311	우선 내가원했던가방크기라 넘좋아요	0	0	0	0	0	0	0	0
312	앱전용 할인혜택이 잘 되어있어 넘 좋아용	0	1	0	0	0	1	0	0
313	로그인오류,데이터 ×나느림해도해도너무함	0	1	0	0	0	0	0	0
314	컴퓨터에서 로그인 정상되는데 모바일에서는 안되는 이유가 있나요 시간만 허비하네요	0	1	0	0	0	0	0	0
315	넘 좋아요 가격도 저렴하고 좀더 저렴한 상품 많이많이 나왔음 좋겠어용	1	0	0	0	0	1	0	0
316	다양한 제품을 저렴하고 빠르게 구매할수 있는 장점이 있지만 사용 편의성은 살짝 부족한감이 있네요	1	0	0	0	0	0	0	0
317	저렴한 물건들이 종종 보여서 괜찮네요	1	0	0	0	0	0	0	0
318	빠른 결제가 좋습니다	0	0	0	1	0	0	0	0
319	로그인 오류 또 시작이네.. 개선의지 없는듯	0	1	0	0	0	0	0	0
320	로그인 안되고 참 별로	0	1	0	0	0	0	0	0
321	자동 로그인해도 자꾸 로그 아웃되고, 로그인도 안되고 튕김.	0	1	0	0	0	0	0	0
322	편리하게 잘 되어 있습니다	0	0	0	0	0	0	0	0
323	좋아요	0	0	0	0	0	0	0	0
324	롯데 앱들은 가끔 먹통 됨. 로그인 상태인데도 수시로 로그아웃되고 특히 주말이나 금요일부터 먹통 만들기 때문에 대응도 전혀 안됨.	1	1	0	0	0	0	0	0
325	평가 쭉보니 완전 개판이네.. 나만 그런줄 알았더니. 1.로그인오류 계속 뜨고.. 2.배송지 변경때문에 인증 다받고 적용되겠거니 하고보면 적용 안되있고.. 3.로그인은 계속하라고하고..자동로그인은 왜 있는건지.아 특수문자 치기 귀찮은데.. 4.로그인오류는 계속뜨고.. 로그인문제 오류난다고 글올라와도 구글스토어에선 확인이 불가하니 롯데 어쩌구에다가 하라하고.자 이제 위에 정리해드렸으니 뭐좀해봐요 좀.. 답답하네 진짜..	1	1	0	0	0	0	0	0
326	잘 사용됐었는데 13일 계속 로그인해라고 함 그러다 로그인실패입니다 라는 문구가 뜨네요 어플삭제후 재설치.. 이젠 어플 정지멘트와 함께 자동꺼짐	1	1	0	0	0	0	0	0
327	로그인오류 진짜 심각하네요. 쇼핑앱이 이러는건 롯데닷컴이 처음임ㅡㅡ;	0	1	0	0	0	0	0	0
328	로그인 했는데 페이지 이동하면 또 로그인하라고 함..아이디 비번 치면 로그인 실패라고 나옴..또 로그인 안된 상태에서 다른 페이지로 이동하면 로그인되어 있음.한 마디로 개 엉망임.	1	1	0	0	0	0	0	0
329	회원가입이 안되네요. 어플에서 회원가입 마지막 단계에 이름와 휴대폰 기입란이 안뜹니다. 관련 사진을 첨부할 수 없다는 게 아쉽네요. 고쳐주시길 바랍니다.	0	1	0	0	1	0	1	0
330	잘 되다가 로그인 오류가 계속 됩니다. 몇차례.. 인증을해도 비번 설정도 어렵게 영문 숫자특수문자 하라.. 연세있는 분들 복잡하게.. ㅡ 맘에안듭니다. 쿠팡이나 타회사 로 갈아타기를 바라신다는 뜻인지요? 전화상담 롯데톡. 다 안되고.	0	1	0	0	1	0	0	0
331	55779 umm aww as - yyyyyyyy//uh y/yyyyyyyyyy	0	0	0	0	0	0	0	0
332	네이버로 주문하나 어플까나 가격동일. 할인해준데서 깔았는데 낚임 전화해보니 상담원도 그러려니함 다들 굳이 어플깔 필요 없이 인터넷으로 주문하셔요	1	1	0	0	1	1	0	0
333	전화번호 도용당한듯 어떤 상너메것이 전화번호를 내꺼로 등록해놨는가 갑자기 결제ars인증번호 전화 겁나오고 개 귀찮게함 전화번호 인증도 안하고 대충 결제 ars 전화가도록 되있는건가요? 개귀찮으니까 어떻게 좀 해봐바요	0	1	0	1	0	0	0	0
334	인터넷이건 앱이건 회원가입시 오류쩖 걍 다른곳에서 살게요	0	1	0	0	1	0	0	0
335	완전낚임 낚시쩐다. 문자로 1만원이상 5천원 할인쿠폰 줬다고 어플깔고 쇼핑하라더니 어플깔고 로긴하니 3만원이상 5천원 쿠폰임ㅋㅋㅋㅋ 장난하냐?	0	0	0	0	0	1	1	1
336	그냥 다른 브랜드 쓰고싶어질정도로 bad request 업뎃해더 계속 떠요 ㅋ	0	0	0	0	0	0	0	0
337	5봉지 재구매 했습니다 품질우수하고 포장상태도 고급스럽습니다	1	0	1	0	0	0	0	0
338	믿을수 있는 품질이라 믿고 주문합니다.	1	1	0	0	0	0	0	0
339	업데이트중 대기시간이 너무걸리네요	0	1	0	0	0	0	0	0
340	왕짜증. 물건 선택하고 배송지 변경 했더니 다시 로그인하라고, 그래서 로그인하고 다시 물건 선택하고 배송지 변경했더니.. 무한루프.. 혹시나해서 다른 스아트폰으로 해도 같네.	1	1	0	0	0	0	0	0
341	사진로딩 딜레이되고 강제종료 잦음	0	1	0	0	0	0	0	0
342	앱 사용 시 계속 끊김현상이 있고 느리고 비번도 계속 틀리다고 나오네요.	1	1	0	0	0	0	0	0
343	앱깔고 접속이 안돼요 엡은 전혀 안돼고 다르게 감색해서 들어가야 한네요	0	1	0	0	0	0	0	0
344	잘 사용 중인데 갑자기 접속이 안되네요. 왜 이런걸까요?	1	1	0	0	0	0	0	0
345	빠른배송과 깔끔한포장 감사해요 굿	0	0	1	0	0	0	0	0
346	왜자꾸비번이잘못됫다고 방금바꿧는데	0	1	0	0	0	0	0	0
347	별루야	0	0	0	0	0	0	0	0
348	최악! 배송 기본 9~10일 소유 롯데믿고 주문한 고객 호구만드는곳 배송지연 환불및사과비 5천원 먹고 떨어지라함. 배송지연 경험하고싶으면 주문하세요. 2번 당하고 회원탈퇴함. 롯데닷컴 배송지연 사례 보고 주문하세요!	1	1	1	0	1	0	0	0
349	좋아요~	0	0	0	0	0	0	0	0
350	좋아요	0	0	0	0	0	0	0	0
351	좋은상품 감사 ^^	1	0	0	0	0	0	0	0
352	빠르고 정확해서 좋아요~	1	0	0	0	0	0	0	0
353	자동할인적용이 넘나 좋아요	0	1	0	0	0	0	0	0
354	종종 이용하는데 저렴하게 잘 구입하고 있어요	1	0	0	0	0	0	0	0
355	정확한 시간에 잘받았읍니다	1	0	0	0	0	0	0	0
356	업데이트 안돼요 며칠전부터 계속 다운로드 대기중이고 어쩌다 다운로드하면 계속 다운로드중이라고만 뜨고 그래서 앱을 제거하고 다시 설치를 하려하니 똑같은 증상입니다	0	1	0	0	0	0	0	0
357	제품 상태도 괜찮고, 배송도 빨라서 좋네요 사용 편의성만 조금 개선되면 딱 좋을 듯 싶네요	1	1	1	0	0	0	0	0
358	봉제라인이 없어 편안하고 착용감도 좋아요	0	0	0	0	0	0	0	0
359	문제없이 잘 사용하고 있네요~	1	0	0	0	0	0	0	0
360	탁월한 선택 롯데온	0	0	0	0	0	0	0	0
361	나름 만족~	0	0	0	0	0	0	0	0
362	상품 품질에 대해서는 아주 만족합니다.	1	0	0	0	0	0	0	0
363	로긴실패 쌩뚱 맞게 로그인정보 일치하지않는다고 나옴 업데이트 후... pc에서는 동일 아이디 비번으로 정상 로그인되는데 앱에서는 계속 일치하지않는다고 나와서 그냥 앱삭제	1	1	0	0	0	0	0	0
364	굿	0	0	0	0	0	0	0	0
365	싸고 좋아요	0	0	0	0	0	0	0	0
366	사용 짜증 반응도 늦고 쿠폰준대놓고 클릭해도 무반응, 그나마 닫기는되네ㅋ	1	1	0	0	0	0	1	0
367	계속 에러 생겨서 삭제하고 깔고 이게 무슨 미친짓인지!!자기네 맘대로 업데이트라는 명목하에 고객을 우롱하는 얼빵한 짓을 하고선 아직도 개선이 안되고 있다!!열통터져서 리뷰 남긴다!!롯데정신차리세요	0	1	0	0	1	0	0	0
368	굿	0	0	0	0	0	0	0	0
369	좋아요	0	0	0	0	0	0	0	0
370	넘넘 편하고 좋네용^^	0	0	0	0	0	0	0	0
371	명품 가격 실화? 여기가 제일 싼 듯	1	0	0	0	0	1	0	0
372	배송 무지 빠름 설 이후 배송인줄알았는데 배송 알림 다음날 오전 아홉시도착 친절 하신기사님 고맙습니다 깔끔하고 화면좋고 good	1	1	1	0	0	0	0	0
373	쇼핑몰 중 제일	0	1	0	0	0	0	0	0
374	음 다양한상품 저렴히 살수 잇는 앱이어서 굳굳굳	1	1	0	0	0	0	0	0
375	빠른배송 좋아요 늘믿고구매하는앱이라 강추합니다	1	1	1	0	0	0	0	0
376	늘 애용해요~ 플래티넘이라서 배송료무료라 좋아요~^^	0	0	0	0	0	0	1	0
377	업데이트 참안되네요	0	1	0	0	0	0	0	0
378	분주함 속에서도 즐겁게 배달하시니 받는 마음이 너무 감사합니다	0	0	1	0	0	0	0	0
379	앱 오류날까봐 업뎃하고싶지 않은데 업뎃 안 좋아하는 사람도 있는데 업뎃 안 하면 사용 못 하게 하는 거 바꿔주세요. 최신버전으로 업그레이드 싫습니다. 리뷰보니 오히려 업뎃하고 문제도 많은 것 같고요. 안 하고도 사용할 수 있게 해주세요.	1	1	0	0	0	0	0	0
380	인덕션용 밥솥을 구매했는데 아주 좋아서 냄비셋트를 구입하게되었어요 마음에 쏙들어요 감사합니다~	1	0	0	0	0	0	0	0
381	롯데닷컴 베스트 상품볼때 남성 20대로 보다가 뒤로가기 누르면 다시 여성 20대로 바껴져있어요 화면도 갑자기 젤 위쪽으로 바뀌구요 왜이런거에요?	1	1	0	0	0	0	0	0
382	배송도 빠르고 상품도 마음에 들고 샘플 사은품도 많이 주셨네요~ 상품권 만원도 함께 보내 주셔서 너무 감사해요 ~^^ 다음에도 또 주문하려고 해요	1	1	1	0	0	0	0	0
383	장바구니에 제품여러개담아서 결제하기하면 주문서작성중만 계속나오고 넘어가지않습니나 한개주문할때는 바로되는데ㅜㅜ 몇일째 주문을못하고있네요 예전에는 안그랬는데 어떻게 주문을하라는건지모르겠네요 빠른게 개선좀해주세요	1	1	0	1	0	0	0	0
384	장바구니안에 있는걸 사려는데 넘어가는데 3분걸려요. 다운된줄알았는데 ㅡㅡ 그담 카드선택하는데 다시 3분 걸려요. 이거 사지마란거죠?	0	1	0	1	0	0	0	0
385	상품이 보내지지도 않았는데 문자가오고 취소하고 냬용보려니까 비회원주문인데 자꾸 앱을 가입하라고하고 짜증나네요 진짜.. 물건이 지금 오지도않고 환불도 아니고 붕뜬상태인데 뭘 확인하려고하면 앱을 설치하라는 창으로만 넘어가니 소비자우롱한다는 생각밖에 안드네요	1	1	0	0	1	0	1	0
386	지인한테 선물할일이 있었는데 롯데온에서 이번에 선물세트 득템했어요!!	0	0	0	0	0	0	0	0
387	앱이 바뀌면서 제 플래티넘 등급이 없어졌어요 대체 무슨일인가요 제가 여태껏 구매한 이력이 순식간에 사라졌어요 대체 뭔일이에요	1	1	0	0	0	0	0	0
388	고객님 안녕하세요. 롯데닷컴입니다.	0	0	0	0	1	0	0	0
389	앱이 다운 받아지지가 않아요..설치부터가 이래서야...	0	1	0	0	0	0	0	0
390	앱을누가만든건지 주소바꾸고 적용하면계속 로그인화면으로돌아가네 여기서는안사야겠다 앱삭하고손절합니다	0	1	0	0	0	0	0	0
391	장난하는것도 아니고 로그인만 도데체 몇번을 바꿨는지 .. 그리고 매인창에도 그렇고 . 하 ...	0	1	0	0	0	0	0	0
392	배송도 몇일이나 늦게 오고 상담 문자도 않돼네요..배송 빨리 부탁드려요	0	0	1	0	1	0	0	0
393	아이디 비번 틀리다고 계속 나오는데 네이버에서 들어가면 로그인 되는데 왜 어플은 안된지 ㅠㅠ	0	1	0	0	0	0	0	0
394	롯데닷컴 롯데아이몰 L롯데 통합아이디 로그인인데 롯데닷컴에서만 같은 아이디 비번으로 로그인이 안됩니다 핸드폰번호로 아이디는 검색이 되는데 비밀번호 변경하려고 아이디를 입력하니 존재하지 않는 회원이라고 하고 나머지 롯데아이몰 L롯데는 동일 아이디로 잘만되는데 왜그런건지 답답하네요 답변주세요	1	1	0	0	1	0	0	0
395	어플사용하지도 않았는데 백그라운드에 실행이되어있어요 진짜 기분나쁘니까 오류좀 바로 수정해주시죠	1	1	0	0	0	0	0	0
396	몇번을해도 비번을바꿔도 로그인도 안되는 앱....	0	1	0	0	0	0	0	0
397	지금 로그인이 안돼고 있어요 로그인중에 오류가 발생해서 로그아웃되었다는 창만 계속 뜨고 하루종일 로그인이 안대는데 이거 어떻해야되요 답답해 죽겠네ㅣ 어플 삭제후 다시 깔고를 몇번을 햇는데도안대요 고객센터도 로그인이 돼야 문의하는데 로그인이 안대는데 어떻게 하느냐고요?	0	1	0	1	1	0	0	0
398	로그인이 안되요 로그인하려면 오류로 로그아웃되었대요	0	1	0	0	0	0	0	0
399	아주 맘에 듭니다. 소재도 좋고 디자인도 여유있으면서 핏도 살고 만족합니다.	1	1	0	0	0	0	0	0
400	앱이 실행이 안됨	0	1	0	0	0	0	0	0
401	롯데닷컴만 거의 이용하는데 오늘 왜이러나요 들어가도 로딩 한세월에 이미지는 하나도 안나오고 다른앱가서 사야하나요 ㅡㅡ고쳐주세요 니트좀사게	1	1	0	0	0	0	0	0
402	앱 푸시동의가 앱 열때마다 뜨고 로그인유지가 되지 않음. 매우 불편한 앱...	0	1	0	0	0	0	0	0
403	1:1 문의글 작성시 사진 첨부하고 등록하기 누르면 사진업로드 실패했다고 뜨네요 어플 지우고 새로깔아도 똑같습니다 다른 사람폰으로 해도 똑같은 에러발생합니다	0	1	0	1	0	0	0	0
404	원단도 좋은거같고. 가격대비 입엇는데 옷맵시도. 멋쩌요	1	0	0	0	0	1	0	0
405	앱을 보다가 계속 멈추고 초기화면으로 돌아가요...깔고 5분동안5번은 되돌아간거같아요	0	1	0	0	0	0	0	0
406	막 나가자는거죠. 가입하고 쿠폰 이것저것 다 받았는데 막상 결제창 들어가니까 쿠폰 12개가 마이페이지에는 뜨는데 선택하는 화면이 아예 없음. 혹시나 해서 어플을 깔았지만 마찬가지 시간낭비 데이터낭비	0	1	0	1	0	0	1	0
407	최고임	1	0	0	0	0	0	0	0
408	업데이트 너무자주한다.....	0	1	0	0	0	0	0	0
409	앱이 실행이 안돼요	0	1	0	0	0	0	0	0
410	엘칸토남성구두 잘 샀습니다. 좋은구두저렴하게 보내주셔서 감사합니다. 하나더주문할까 합니다. 사업번창하세요^^	1	1	0	0	0	0	0	0
411	편리성. 상품성 좋아요^^	1	0	0	0	0	0	0	0
412	배송 엄청느리고 로고.이름.핸펀번호는 왜이리 붙여놓았는지 눈 사팔되겠네	0	0	1	0	0	0	0	0
413	앱을 잘하기우해 열심이노력함?	0	1	0	0	0	0	0	0
414	빠른 답변 감사합니다~	0	0	0	0	1	0	0	0
415	최고	1	0	0	0	0	0	0	0
416	관리좀하시죠	0	0	0	0	1	0	0	0
417	좋아요~^^	0	0	0	0	0	0	0	0
418	최고~~~~^^	1	0	0	0	0	0	0	0
419	강제업데이트 시키지좀마요	0	1	0	0	0	0	0	0
420	과거 내가 사용하던 모든 전력은 다 사라지고 상품 검색도 너무 복잡하고 검색 내용도 너무 조잡합니다 분명 고객 편의를 생각하고 변경했을 텐데... 15년 정도 이용한 고객인데 다른 온라인 사이트를 찾아야 할 듯...	1	1	0	0	1	0	0	0
421	제가 찾던 상품이 왠만해서는 다 있어요!	1	0	0	0	0	0	0	0
422	업그레이드된것이 맞나요? 온라인 쇼핑은 롯데다컴만 이용하는데, 이번앱은 진짜 복잡하고,정리 하나도 안되어있고ㅜㅜ 저번 버전은 카드할인이나 이벤트 같은것도 한눈에 다 들어왔었는데....	1	1	0	1	0	1	1	0
423	앱에서 결제시 이벤트 하면 뭐합니까ㅡㅡ 앱내에서 결제하면 튕기는데	0	1	0	1	0	0	1	0
424	제가 찾는 왠만한 상품들 다 있네요	1	0	0	0	0	0	0	0
425	엘포인트 사용 되네요 굿	1	0	0	0	0	0	1	0
426	카드결재가 안되네요~ 삭제하고 다시 다운해도 안되요 상담원도 모르는것 같고...	0	1	0	1	1	0	0	0
427	3일째 앱 안들어가지고 튕김	0	1	0	0	0	0	0	0
428	정말...롯데는 앱을 왜 만드는건지. 비번 아무리 재설정 계속 해도 로그인 오류 발생함. 롯데앱들은 써보면 써볼수록 서비스 자체를 사용하기 싫어하게 만드는 마력이 있음.	1	1	0	0	1	0	0	0
429	매우 만족합니다!	0	0	0	0	0	0	0	0
430	편리하니 좋아요.번창하세요	0	0	0	0	0	0	0	0
431	좋아요	0	0	0	0	0	0	0	0
432	이벤트 페이지가 찾기 쉽게	0	1	0	0	0	0	1	0
433	계속 업데이트 하라는 이상한앱	0	1	0	0	0	0	0	0
434	가성비떨어지는품목이많음	1	0	0	0	0	1	0	0
435	업뎃도 안되고 먹통됨	0	0	0	0	0	0	0	0
436	당췌열려야 뭘 알지요	0	0	0	0	0	0	0	0
437	환장하게 느립니다. 첫쿠폰 쓰고나서 웹으로 이용할듯. 앱 쓰려면 혈압 오르네요.	1	1	0	0	0	0	1	0
438	고객님 안녕하세요. 롯데닷컴입니다.	0	0	0	0	1	0	0	0
439	최악입니다	0	0	0	0	0	0	0	0
440	좋아요~^^	0	0	0	0	0	0	0	0
441	좋아요	0	0	0	0	0	0	0	0
442	폰으로 바로 볼 수 있어 편리하네요	0	0	0	0	0	0	0	0
443	업데이트도 안되고 앱을 들어가지도 못하네.사지말란거지	0	1	0	0	0	0	0	0
444	아니뭐 들어가지는 앱을 만들어야 될거 아니야 갤S9 쓰는데도 초기화면에서 튕김	0	1	0	0	0	0	0	0
445	아이폰 쓰는데 isp 결제하고 롯데앱으로 돌아와도 결제가 안돼여.... 몇달째 이러는데 핸드폰을 바꿔도 그러네요	0	1	0	1	0	0	0	0
446	황당쓰.... 선택을 하면 뭘 하나요 되는게 없는데 이용하지 말라는거지요?	1	0	0	0	0	0	0	0
447	판매자와 트러블이 있을 때마다 고객 입장에서 응대해주고, 최대한 빠르게 처리해주셔서 감사합니다.	0	0	0	0	1	0	0	0
448	항상 좋은제품 감사드립니다	1	0	0	0	0	0	0	0
449	좋아요	0	0	0	0	0	0	0	0
450	업데이트가 빨리 안되네요.	0	1	0	0	0	0	0	0
451	굿~	0	0	0	0	0	0	0	0
452	롯데라서 믿음이가구요 서비스도 좋아요	0	0	0	0	1	0	0	0
453	굿입니다	0	0	0	0	0	0	0	0
454	반는순간미니멈패딩대박느낌욤 넘맘에드네요	0	0	0	0	0	0	0	0
455	롯데닷컴 자주 이용해요^^	1	0	0	0	0	0	0	0
456	전반적으로 만족중	0	0	0	0	0	0	0	0
457	아주 좋아요	0	0	0	0	0	0	0	0
458	백화점상품을 매월받는 쿠폰이용으로 더욱 저렴하고 퀄리티 좋은 상품 구매할수있어 가장 애용하고있는 쇼핑몰 입니다^^	1	1	0	0	0	0	1	0
459	스크롤을 내리다 보면 엄청 버벅거리고 로딩 시간이 무지 길어요. 보다가 짜증나서 타 쇼핑몰로 넘어가게 되네요	0	1	0	0	0	0	0	0
460	가지고 있는 엘포인트 써서 구매했더니 완전 저렴하게 삿어요,,,, 대박	1	0	0	0	0	0	1	0
461	좋네요	0	0	0	0	0	0	0	0
462	굳~~	0	0	0	0	0	0	0	0
463	정말 버벅거려요ㅜㅜ 내폰이 문제인줄알았는데 쿠* 11* 신세*g마*.... 다른앱은 괜찮은데 유독 롯데닷컴 사이트만 버벅거림.. 문제가멀까요	1	1	0	0	0	0	0	0
464	좋아요~~	0	0	0	0	0	0	0	0
465	너무 맘에 들어요 색상 사이즈 가격 모두 맘에 듭니다	1	0	0	0	0	1	0	0
466	추운겨울에는좀얇고지금입기딱조아요~~ 디자인은맘에들어요	1	1	0	0	0	0	0	0
467	업댓하고 로그인하고 쿠폰 다운받으려고했더	0	1	0	0	0	0	1	0
468	상품도 다양한데다가 가격까지 싸네	1	0	0	0	0	1	0	0
469	개발자님이 고생을 많이하셨겠네요	0	0	1	0	0	0	0	0
470	마음에 드는 제품 잘 받았습니다. 감사합니다...^^*	1	0	0	0	0	0	0	0
471	좋아요~	0	0	0	0	0	0	0	0
472	제가 웬만하면 후기 안 올리는데 배송받은 제품이 너무 마음에 들어서 남겨요~ 롯데온 굿입니다~	1	0	1	0	0	0	0	0
473	만나기 힘든 동생들 한갑이라고 선물해줘서 고맙고 아주빠른배달 배달 감사드려요	0	0	1	0	0	0	0	0
474	최악이다 비밀번호 악 카악 토약질	0	1	0	0	0	0	0	0
475	반품도 어렵고 오래걸림. 한달되도록 환불도 안되는 사이트	1	1	0	0	0	0	0	0
476	명품지갑 할인 많이 받아서 구매완료!	1	0	0	0	0	1	0	0
477	용량이 커서 좋은 것 같습니다	0	0	0	0	0	0	0	0
478	좋아요	0	0	0	0	0	0	0	0
479	연결이 끊겼다며 이용되지도 않는 최악의 앱	1	1	0	0	0	0	0	0
480	컴보다 빠르게 편한게 장점입니다	0	0	0	0	0	0	0	0
481	50프로 디씨에 낚여 다운받았다 밑에 5000원이 최대 활인액수라는 평보고 열어보지 않고 즉시삭제...아 이런 장난질은 좀 자제하자	0	1	0	0	0	0	0	0
482	50프로할인해준다고 앱다운유도하고선 실상 5천원할인ㅋㅋㅋ칼삭제	0	1	0	0	0	1	1	0
483	결제하려고 하면 반응이 없네요 결제수단 바꾼다고 누르면 반응이 없음 뒤로가기 누르면 결제수단 완료하라고 뜨는걸 보니 앱 자체가 멈춘건 아닌것같은데 아무것도 안눌림	0	1	0	1	0	0	0	0
484	붉은 색을 좋아하는 중국도 아닌데 배경화면이 온통 빨간 이유는 뭘까? 눈이 너무 피곤하다. 롯데닷컴 플래티넘+회원인데 혜택도 사라졌다. 누가 눈이 피곤하고 손해보는 앱을 이용하겠는가? 기존회원 무시하는 앱 삭제해버렸다. 쇼핑몰이 롯데하나만 있는 것도 아니고... 다신 이용안함!!!!!	1	1	0	0	1	0	0	0
485	기대이상좋아요	0	0	0	0	0	0	0	0
486	간결한 디자인에 꼼꼼한 재봉솜씨가 마음에 듭니다. 뱃살이 늘어도 안심하고 멋과 여유를 즐길 수 있는 옷입니다만, 옷감이 얇아서 날씨가 추워지면 더이상 못 입는 것이 단점입니다.	1	1	0	0	0	0	0	0
487	로그인 자꾸 풀림 맞는 비번으로 해도 처음에 로그인 실패라고 뜨고 두세번은 다시 눌러줘야 로그인됌 거지같음	0	1	0	0	0	0	0	0
488	제품 확인할라했더니 무슨 어플을 받게하시나요 ㅋㅋㅋ	1	0	0	0	0	0	0	0
489	백화점 상품 봤다가, 마트 상품 봤다가 하니깐 편리하고 좋네요	1	0	0	0	0	0	0	0
490	퍼스트클럽 50%퍼라고 해서 설치했는데 최대5처넌 낙임 참내	0	1	0	0	0	0	1	0
491	조은거 같아요~~	0	0	0	0	0	0	0	0
492	간편해서 좋아요	0	0	0	0	0	0	0	0
493	아니.. 구매하니까 카톡으로 알림톡오는데 배송조회나 게시판답변이나 그런거 보려고 URL누르면 무조건 앱설치를 하래 ㅋㅋㅋㅋ 이딴 쇼핑몰은 첨보네. 다 인터넷페이지로 넘어가서 보게되어있는데 롯데닷컴만 그지같이 꾸역꾸역 앱 설치를 시키고싶어서 절대 앱을 설치하지 않고서는 니가 할수있는건 아무것도 없다임 다시는 안시켜ㅡㅡ	1	1	1	0	1	0	0	0
494	"로그인 하려면 한시간은 넘게 걸려요. 너무 짜증납니다 ㅡㅡ"""	0	1	0	0	0	0	0	0
495	매장에서 신어보고 주문하길 잘한거같에요 평소에는 230신는데 발볼이좁아서 225을 주문해야 한다고 해서.... 매우 만족합니다~~^^♥	1	1	0	0	0	0	0	0
496	엘포인트 적립률도 높고 여기저기 쓸 수 있어서 이게 전 젤 만족	0	0	0	0	0	0	1	0
497	잘 부탁드리고 앞으로도 수고해 주세요~	0	0	1	0	0	0	0	0
498	😄😄😄정말 좋아요!😄😄😄	0	0	0	0	0	0	0	0
499	통합로그인 겁나불편	0	1	0	0	0	0	0	0
500	😄	0	0	0	0	0	0	0	0
501	이 앱 이상해요. 깔았다 지웠는데 이상한 카톡 와요. 사지도 않은물건을 주문했다며 배송문자가 오더니 지절로 취소를 하고 또다시 주문했다고 거짓부렁 천지네요. 무슨 장삿속인지 원. 기막힙니다	1	1	1	0	0	0	0	0
502	만족 합니다	0	0	0	0	0	0	0	0
503	물건을 믿고 살 수 있어요	1	0	0	0	0	0	0	0
504	왜 로그인이 안되는거죠? 문제해결 언제하실건가요.	1	1	0	0	0	0	0	0
505	잘 사용하고 있어요	1	0	0	0	0	0	0	0
506	주문하지도 않았는데 배달카톡이 왔어요 1월26일날에도 오고 오늘도 왔는데 저는 가입한적도 없고 주뮤한적도 없어서 무섭네요. 조치취해주세요.	1	1	1	0	0	0	1	0
507	좋아요~🤗	0	0	0	0	0	0	0	0
508	역시 롯데.. 정말 부득이한 경우에만 연결되고픈 기업	0	1	0	0	0	0	0	0
509	다소 아쉬운 부분은 있지만, 단순하고 직관적인 구조라 쉽게 쇼핑 가능해서 좋아요	0	0	0	0	0	0	0	0
510	요즘에 자주 사용하는 있음~~	1	0	0	0	0	0	0	0
511	좋게 좋게 사용하고 있습니다~	1	0	0	0	0	0	0	0
512	최저가 특가 상품들 굿	1	0	0	0	0	1	0	0
513	좋음	0	0	0	0	0	0	0	0
514	앱 속도 왜 이런가요?저는 겨우겨우 로그인은 했는데 로그인 안된다는 분들이 많네요 앱으로 인해서 롯데쇼핑을 이용하기 싫은 기분까지 드네요	1	1	0	0	0	0	0	0
515	너무너무 맘에드네요 내스타일이에요~♡	0	0	0	0	0	0	0	0
516	물건 싸게 구입하고 있어요	1	0	0	0	0	0	0	0
517	로그인 불편	0	1	0	0	0	0	0	0
518	이리 개떡같은 앱은 첨일세... 자꾸 오류나서 주문이 안됨ㅡ.ㅡ	1	1	0	0	0	0	0	0
519	수고하세요	0	0	1	0	0	0	0	0
520	좋아요	0	0	0	0	0	0	0	0
521	앱 반응 속도가 상당히 느리고 오류로 자동 종료되는 경우가 잦음.	0	1	0	0	0	0	0	0
522	앱 설치도 설치 누르니까 계속 취소되고 결제하기도 안 되고 자기 혼자 꺼졌다 켜졌다 난리를 부리는데 사라는 건지 말라는 건지 모르겠네요?	0	1	0	1	0	0	0	0
523	무음으로 해놓고 설정을 무음으로 해도 앱알림이 자꾸 진동울림	0	1	0	0	0	0	0	0
524	사용하기에 편리해요~	1	0	0	0	0	0	0	0
525	결제 안되는 쇼핑앱. 아이러니 아닌가	0	1	0	1	0	0	0	0
526	제품거의중고수준임	1	0	0	0	0	0	0	0
527	회원가입도 않되고 몇시간째 로그인만 반복 이따이을 어플때문에 시간만 벌려습니다..	0	1	0	0	1	0	1	0
528	굿	0	0	0	0	0	0	0	0
529	사무실에서 폰 무음으로 해놓고 쓰는데 이 앱(엘롯데도)만 진동알림으로 옵니다. 설정을 바꿔도 진동이 오고 알림을 꺼도 진동이 울리고 무음으로 바꿔놔도 울리고. 심지어 앱내에는 알림설정도 없음....^^^^^^ 진짜 하루에 두번씩 깜짝놀라네요 삭제해야지만 안울리려나봐요	0	1	0	0	0	0	0	0
530	네트워크를 확인하라는데. 서버 내려간거 같네요. 서버관리 좀 잘 부탁합니다.. 어플이 안 켜져..	0	1	0	0	1	0	0	0
531	앱이 안열려요. 몇번을 지웠다 다시깔아도 제대로 된 앱실행이 안되요. 너무 답답합니다	0	1	0	0	0	0	0	0
532	좋아요	0	0	0	0	0	0	0	0
533	모바일로는 찾는메뉴가 안보여서 PC버전으로 보려는데 왜 자꾸 클릭할때마다 모바일버전으로 바뀌는지도 모르겠고 그럴거면 PC버전 왜적어놨는지도 궁금하고 1:1문의에 사진등록하려는데 에러나서 안올라갈거면 왜 이기능을 만들어놨는지도 의문스럽고 여러모로 쇼핑몰 이용할 마음이 싹가시게 하네요^^	1	1	0	1	1	0	0	0
534	전반적으로 좋습니다	0	0	0	0	0	0	0	0
535	멍미? 머하자는건지?	0	0	0	0	0	0	0	0
536	앱 오작동이 너무 많아요. 지웠다 깔아도 해결되지 않네요. 계속 이상한 알림이나 오고	0	1	0	0	0	0	0	0
537	추석 잘보내시고 계시나요.. 로그인 안되는거는 알고 계신지요 롯데닷컴 없애는 중인가요? 공지라도 쫌 띄우시지요~~~	0	1	0	0	0	0	0	0
538	첫화면에서 안넘어감;; 뭐하냐진짜ㅋㅋ	0	1	0	0	0	0	0	0
539	롯데닷컴 친절배송 마음에 들어요	0	0	1	0	0	0	0	0
540	쓰레기. 롯데 계열앱 진짜 쓰레기네요. 개발자들 월급들안아까워요? 되는게 잇어야쓰지 광고는 왜합니까 어플이 들어가지지도않는데.	0	1	0	0	0	0	0	1
541	잘사용하고 있습니다 감사합니다.	1	0	0	0	0	0	0	0
542	네트워크연결확인하라고 수시로튕기는게 자꾸 계속되요 다른거는 다잘되는데 롯데닷컴앱만 왜이래요?	0	1	0	0	0	0	0	0
543	비회원이라 배송조회 주문번호랑 이메일치고 들어가려는데 틀린것도 하나없는데 안들어가지는 클라스 11번가나 다른곳에서 살때 믿거롯일정도에요	1	1	1	0	0	0	0	0
544	가성비, 가심비 제품 많아요.	1	0	0	0	0	1	0	0
545	인터넷으로 롯데닷컴 들어가는데 서버오류인지 뭔지 자꾸 안 들어가져서 앱 깔았더니 앱은 네트워크 문제다 뭐다 하면서 실행이 안돼요.. 빠른 해결 조치가 필요할 것 같아요 :(	1	1	0	0	0	0	0	0
546	네트웤에 이상없는데 확인하라네요...덕분에 온오프를 몇번을 하고 앱재설치를 몇번했는데도 일관되네요, 메세지가... 어이가 없네요	0	1	0	0	0	0	0	0
547	추석이라고 앱 닫고 놀고있음	0	1	0	0	0	0	0	0
548	택배가 도착이 안됐어요. 문자만오고,카톡만오고 어케된거요?	0	0	1	0	0	0	0	0
549	진짜 뭐 상품이 품절되면 바로바로 말좀해줘야지ㅋㅋ 일주일뒤에보내 ㅋㅋ 자꾸보내네 ㅋㅋㅋㅋㅋㅋㅋㅋㅋㅋㅋㅋㅋㅋ	1	0	0	0	0	0	0	0
550	너무 황당해서 이곳이 정말 뭐 하는곳인지 궁금하네요 1. 9/12일에 상품 2개 (버섯 , 곶감) 구매 2. 9/13 오전 버섯 배송에 대한 문자 : 오늘 배송하면 주말에 받아서 상품에 문제가 있을수 있으니 9/17일에 배송할까요? 라는 문자 그럼 당연히 17일에 발송하면 언제받는 확인을 해줘야하는거 아닙니까? 그것도 확인 못해주면서 왜 그런 문자를 보냅니까? 그 문제가지고 몇 번을 통화하게 하고. 도대체 그 문자의 의도가 뭡니까? 3. 9/13 오후 곶감 상품에 대한 문자 : 제주도라 배송이 불가하니 취소해라. ... 전체 리뷰	1	1	1	0	1	0	0	0
551	잡다한거 사기는 정말 불편해요. 최악입니다. 같은브랜드도 배송료 다 틀리면서 장바구니에서 구분도 안되고 쿠폰도 장바구니 쿠폰도 아니고 그닥 쓸만한것도 없네요. 무엇보다 다른데가 훨씬싸요.	0	1	0	0	0	0	1	0
552	문제없이 잘 사용하고 있네요~	1	0	0	0	0	0	0	0
553	제품 품질이 좋아서 믿고 구매합니다.	1	0	0	0	0	0	0	0
554	왜 한가위 잘보내세요 에서 안넘어가죠? 제 폰의 네트워크는 문제 없는데 왜 네트워크를 확인하라는거죠? 앱이 이상한거지 제 폰이 이상한건 아닌데요 다른앱은 문제없이 잘 됨 명절이라 쇼핑도 말고 푹 쉬라는 의미인가봉가	1	1	0	0	0	0	0	0
555	자꾸 네트워크가 끊겼다고 해서 지웠다깔았는데도 안들어가지네요	0	1	0	0	0	0	0	0
556	이 앱도 명절이라 쉬는가 봄 한가위 잘보내라는 첫페이지서 더이상 넘어가지 않네...어이없음	0	1	0	0	0	0	0	0
557	믿을수 있는 신뢰가 확실한 앱이라 좋아요	0	1	0	0	0	0	0	0
558	업데이트가 떠있는데 계속 로드중에서 멈춰있어요	0	1	0	0	0	0	0	0
559	써글놈들 배송완료 해놓고 못받아서 따지기 위해 앱설치를 하도록 유도하다니 악랄하기 짝이없네	0	1	1	0	0	0	1	0
560	영수증 응모하려고 에러날까봐 걱정했는데 다행히 잘되네요	0	1	0	0	0	0	1	0
561	9.12일 저녁부터 계속 오류로 앱이 안열리고 닫혀요. 빨리 해결좀하세요	0	1	0	0	0	0	0	0
562	무음으로 해놨음에도 알림올땐 진동이 와서 알림을 꺼버렸어요 무음이 필요할때 자꾸 진동으로 알림이 오니 정말 번거롭네요	0	0	0	0	0	0	0	0
563	노트9 사용중인데 매일 정해진 시간에 알수없는 진동이 울려서 제조사에 문의해보니 원인이 롯데닷컴 어플때문이라는 답변을 받았습니다. 3rd party앱의 경우 해당 앱을 사용중에 발생하는 오류라고 하는데 이부분 수정되면 좋겠습니다.	1	1	0	0	1	0	0	0
564	.	0	0	0	0	0	0	0	0
565	배송빨라서 좋아요	0	0	1	0	0	0	0	0
566	로그인 하려고 했는데 되질않음 나만 그런건지 아닌지 모르겠지만 영 쓸모가 없음	0	1	0	0	0	0	0	0
567	좋아요	0	0	0	0	0	0	0	0
568	현재 lg g5 기종 사용중입니다. os 는 8.0 오레오입니다. 알림 소리 진동없음으로 설정해도 알림이 올때면 소리 진동이 함께오며 설정이 자동으로 변경되어 있습니다. 메일도 보내드렸구요. 소리 진동 없이 알림창과 배지로만 알림 받을수는 없나요? 해결방법좀 알려주세요.	1	1	0	0	0	0	0	0
569	월요일마다 쿠폰 행사 자주 해주니 백화점상품 싸게 사기 좋네요 ^^ 이벤트 더 많이 해주세요	1	0	0	0	0	0	1	0
570	광고올때 무음인데도 진동으로 오는게 싫어서 삭제합니다.	0	0	0	0	0	0	0	1
571	쇼핑몰중 최악 매번 배송늦고, 오배송 교환했는데 또 오배송오고 항의하면 복붙 사과하고, 2주간 배송안되서 문의하니 오류 생겼으니 직접 취소하고 재주문하란다 지금은 그때 혜택도 다 없어졌구만 아 재수없어	1	1	1	0	1	0	0	0
572	시스템에러가너무 자주발생됨	0	1	0	1	0	0	0	0
573	빠르고 좋아요	0	0	0	0	0	0	0	0
574	‥청소기가가볍고ᆢ힘들지않고ᆢ걸레질하기가쉬어요ᆢ	0	0	0	0	0	0	0	0
575	설치해서 써보니 좋은점이 많네요~ 전 만족합니다	0	1	0	0	0	0	0	0
576	어플 렉이 심하고 느려요 진짜 너무 답답해요 쿠팡이나 위메프처럼 빠르고 간편하게 간소화 해주세요 주문 할 때마다 답답해요	1	1	0	0	0	0	0	0
577	아니 친히 구매를 해 드리겠다는데 결제도 못하게 하면 어쩌란 말입니까;;; 하나부터 열까지 맘에드는게 하나도 없네요. 앱은 좀 간편하게 만들면 어디 덧나나요?;; 모바일 페이지랑 똑같이 생겨가지고 렉은 겁나 많이 걸리네요 탈퇴했습니다. 다시는 가입하지 않으렵니다; 얼마 하지도 않는 옷좀 사려했는데 시간버리고 짜증만 나고 이게 뭡니까. 이거 읽으시고 분발하시면 좋겠습니다. 야밤에 화나서 적어보았습니다. 잘되라고 드리는 말이니까 감정적으로 받아들이지 않길 바랍니다. 이만.	1	1	0	1	0	0	1	0
578	주말에 구매한 상품을 취소하려고보니 비회원으로 구매해서 주문번호가 필요하길래 톡으로 오는메세지에는 주문번호가없어서 조회가불가능하고 로그인을햇더니 주말에만 고객센터운영안하고 어쩌라는건지...진짜대기업인데실망이네요	1	1	0	1	1	0	0	0
579	앱이 버벅거려서 짜증나네요;;지웠다깔아도 이상해서 안사용해요	1	1	0	0	0	0	0	0
580	아니 엘포인트 통합회원 휴면풀고 몇번을해도 없는아이디라고나오고 반품을하고싶은데 주문번호도 안보내주고 어떻게 취소하라는거죠;;; 사기꾼인가요	1	1	0	0	1	0	1	0
581	편리합니다.	0	0	0	0	0	0	0	0
582	가격대비 완전 맘에들어요 디자인이 맘에 쏙듭니다	1	1	0	0	0	1	0	0
583	좋네요^^	0	0	0	0	0	0	0	0
584	상품 잘 받아 사용하려고 진행중입니다.	1	0	0	0	0	0	0	0
585	업데이트 참 어렵네요. 사용 하기 완전 불편.	1	1	0	0	0	0	0	0
586	몇일전부터 앱을 실행하지도 않았는데 자동으로 실행되어 쓸데없이 데이터 소모되는 현상있어요	0	1	0	0	0	0	0	0
587	재고부족으로 일방적 취소를 하면서 고객에게 취소를 떠넘기는. 어이없는 쇼핑몰. 주문후 제품을 기다린 고객의 시간은 전혀 고려대상이 아니며 고객센터 인건비 절감차원에서 취소도 구매고객이 재고부족으로 인한 취소를 신청해야 함.	1	1	0	1	1	0	0	0
588	앵이 왜 실행이 안되나요?황당 헐	0	1	0	0	0	0	0	0
589	결제하려는데 오류나서 못 쓰겠음 걍 앱을 없애는게 좋을듯	0	1	0	1	0	0	0	0
590	정말 가볍고 편해요.. 저렴한가격에 잘 샀습니다..블랙도 살까 생각중이예요~	1	0	0	0	0	1	0	0
591	실행 안 시켰는데 계속 앱 창 뜨네요 이건 아니지요	0	1	0	0	0	0	0	0
592	난 잘못해서 좀거시기하지만 우리막뚱이가 해줘서 마냥 행복합니다 !!!	0	0	0	0	0	0	0	0
593	최악이네요 결제안되는 앱은 처음봄	0	1	0	1	0	0	0	0
594	장사하기 싫으신건지 결제페이지로 안넘어가고 오류가뜨네요 그냥 앱으로 안하고 인터넷으로 하니까 되네요 앱은 삭제할게요 무쓸모인듯..	0	1	0	1	0	0	0	0
595	어떤이유를 대 서라도 반품 교환 환불 잘 안해줍니다. 형편없는 롯데닷컴..다시는 이용하기싫네요	1	0	0	0	0	0	0	0
596	이거 왜 로그인이 안되죠? 비번을 다시 바꿔도 안되고 앱을 다시깔아도 안되고 ..계속 비번이 안맞다는데 빨리 해결좀해줘요. 일을 안하시나..	0	1	0	0	0	0	0	0
597	맞는 비밀번호인데도 로그인안됨	0	1	0	0	0	0	0	0
598	오늘배송한물건매우만족합니다수고하셨습니다	1	0	1	0	0	0	0	0
599	넘 깔끔한제품 구매해서 기쁨니당~~~	1	0	0	0	0	0	0	0
600	오류가 너무 많고 해결되는게 없어서 걍 지마켓이나 11번가 이용중 언제쯤 개선되려나...내 포인트좀 쓰자	0	1	0	0	0	0	1	0
601	앱의이용이 원활하지않아요	1	1	0	0	0	0	0	0
602	아니 회원가입 이메일을 보냈다면서 왜 안오죠?;;	0	1	0	0	1	0	1	0
603	기프트상품 딱올려놓고 기프트상품 안보내고 가격측정이 잘못됐다고 말하는 롯데닷컴. 고객센터 전화하니 해결은 커녕 상담원은 죄송하다고만 말하는 롯데닷컴~ 고객들 기만하지말아라.탈퇴각	1	0	0	1	1	1	0	0
604	마이페이지 몇일째 안열립니다. 저만 그런줄알고 몇번을 삭제후 다시 설치했네요. 빨리해결해주세요	0	1	0	0	0	0	0	0
605	업데이트 이후 마이페이지가 안 열려요. 다음 업데이트때 젭알 개선을...	0	1	0	0	0	0	0	0
606	출석 매일하다가 업데이트후 마이페이지 안열림 출석 포기	0	1	0	0	0	0	1	0
607	6월14일 업뎃 후 마이페이지만 안열립니다.	0	1	0	0	0	0	0	0
608	내 쇼핑앱 탑3에 드는중입니다 ㅋㅋ 탑1에 들때까지 특가상품 더더 주세요	1	1	0	0	0	0	0	0
609	일단 첫구매하면, 할인 쿠폰 진짜 많아요.	1	0	0	0	0	1	1	0
610	상당히 편리하고 좋아요	0	0	0	0	0	0	0	0
611	잘 되다가 최근 상품검색을 하면 앱이 중지되네요. 해결책 없을까요? 제거 후 다시 깔아도 똑같네요.	1	1	0	0	0	0	0	0
612	자꾸 앱이 중단되엇다고 하는데 정말 짜증나요.	0	1	0	0	0	0	0	0
613	상품평 적성할려가 마이쇼핑에 들어가면 아무런 표시가 안뜸 백지상태입니다	0	1	0	0	0	0	0	0
614	롯데 앱 너무 많아요	0	1	0	0	0	0	0	0
615	넘길 때 로딩이 넘 늦고 대부분 다양한 디쟌,소재,크기별 제품이 없는 편임.	1	0	0	0	0	0	0	0
616	쇼핑 잘하고 있음	0	0	0	0	0	0	0	0
617	쇼핑 이미지 로딩 버벅 거림 해결 해주세요. 이미지 내려 보는데 버벅 거리고 오래 걸리는거 어떻게 해결 안되는 문제인가요?	1	0	0	0	0	0	0	0
618	검색순 변경하면 앱꺼짐	1	1	0	0	0	0	0	0
619	가성비, 가심비 제품 많아요.	1	0	0	0	0	1	0	0
620	멍청이들	0	0	0	0	0	0	0	0
621	이거는 뭐 상세 검색 누르면 앱이 꺼진다	1	1	0	0	0	0	0	0
622	상품 배송이 빠르고 제품이 다 맘에들어요	1	0	1	0	0	0	0	0
623	업데이트 전에 샀던 상품 반품하고 아직 입금 되기 전인데 업뎃하고 나서 반품 상품에서 그 상품이 사라졌는데 이거 뭔가요 반품한 돈도 아직 못 받았는데 사라지면 어쩌라는건가요	1	1	0	1	0	0	0	0
624	2년전남편이그레이색상으로구입한신발이었는데넘~편하고매일찾게되는신발이라아버님과남편에게블랙으로다시사드렸다.발볼이넓은편이라정사이즈보다한사이즈크게샀다.처음에정사이즈로주문했는데발등부분이넘타이트해서교환했는데ARS가원활하지못했다하시며교환배송비까지면제해주셨다.친절한서비스에넘감사했다. 역시롯데~	1	1	1	0	1	0	0	0
625	좋네여~~	0	0	0	0	0	0	0	0
626	포토후기 남길려면 앱 깔아야 한다는데 계속 인터넷 연결 확인하라며 앱자체에 들어갈 수가 없음. . .	0	1	0	0	0	0	0	0
627	업데이트 더럽게 많이 하네..	0	1	0	0	0	0	0	0
628	엘머니 사용불가 ㅡㅡ	1	0	0	0	0	0	0	0
629	함께하는 롯데	0	0	0	0	0	0	0	0
630	꼭 업데이트를 해야하는지 꼭 업데이트를 안하면 못쓰게해야하는지	0	1	0	0	0	0	0	0
631	앱을 키지도 않았는데 배터리 소모가 제일 많아요~ 뭔가 이상하네요	0	1	0	0	0	0	0	0
632	정말 더러운어플 ㅋㅋㅋㅋㅋ 롯데	0	0	0	0	0	0	0	0
633	강제업뎃즐	0	0	0	0	0	0	0	0
634	딸이 보내준 전복~싱싱하고 크기도 커서 회로도 먹고,구워서도 맛있게 먹었답니다~^^양도 많아서 몇마리는 냉동~며칠있다가 손녀올 때 구워줄거예요~^^	0	0	0	0	0	0	0	0
635	좋아요	0	0	0	0	0	0	0	0
636	롯데는 포인트야	0	0	0	0	0	0	1	0
637	별로예요	0	0	0	0	0	0	0	0
638	기기때문인지 업데이트가 되지않아 쇼핑을 못하고잇어요 ㅠ	0	1	0	0	0	0	0	0
639	왠만한 물건들은 다 있어서 저렴하게 잘 구입하고 있어요	1	0	0	0	0	0	0	0
640	좋아요	0	0	0	0	0	0	0	0
641	강제업데이트 똥이다	0	1	0	0	0	0	0	0
642	용량부족으로 어려움이 많네요~	0	0	0	0	0	0	0	0
643	업데이트 안하면 앱 못쓰게하는 강제 업뎃은 똥이야	0	1	0	0	0	0	0	0
644	좋아요	0	0	0	0	0	0	0	0
645	롯데닷컴만 열심히 이용해서 플래티넘 만들었더니 무배혜택 사라지고 장바구니 상품은 다 어디로ㅠ가버리고 코로나때문에 전화상담안되고 1:1대응도 폭주라 문의글이나 남기라고 해서 문의글 남겼더니 돌아오는 대답은 어쩔수ㅠ없다라니요.. 무슨 이런 경우가 있는지.. 그래도 옛정이 있어 다시 사용해보려보니 뭐가 이리 단순해졌는지 카테고리도 부족하고 암튼 별로네요	1	1	0	0	1	0	0	0
646	회원가입을 하는데 마지막에 에러가나	0	1	0	0	1	0	1	0
647	매장 오고가는 시간을 요 어플로 줄이네요~ 항상 감사합니다	0	0	0	0	0	0	0	0
648	와..이거 뭐임.. 랙 보소....아ㅡ..	0	0	0	0	0	0	0	0
649	써봐야알제 인제 설치했다	0	1	0	0	0	0	0	0
650	다른 쇼핑앱보다 빠른거 인정 잘하고있는데 음성인식 왜넣는지ㅠㅜ	0	1	0	0	0	0	0	0
651	상품이 많아서 자주볼래도 웹이나 앱이나 항상 스크롤이 버벅대서 쇼핑을 할수가 없어요 앱 초창기부터 그랬는데 언제 고쳐지나요?	1	1	0	0	0	0	0	0
652	ㅇ기능은 쓸만함. 그러나 배터리소모가 최악임. 다른 모든 앱을 합한 것보다 더 많이 소모하는 블랙홀. 반드시 개선되어야 함.	0	1	0	0	0	0	0	0
653	최악의 쇼핑어플ㅡㅡ 구동 자체가 느려터지고 오류 투성이라 뭘 살수가 없음ㅡㅡ	0	1	0	0	0	0	0	0
654	감사합니다	0	0	0	0	0	0	0	0
655	인터넷연결을 계속 확인하라고만 뜨네요 ㅜ 와이파이 데이터 모두 연결이 안되요 ㅜ제폰 문제일까요?	1	1	0	0	0	0	0	0
656	좋아요!!!!	0	0	0	0	0	0	0	0
657	최근에 정렬 후에 사진이 안바뀜.	0	1	0	0	0	0	0	0
658	좋아요	0	0	0	0	0	0	0	0
659	좋아요...	0	0	0	0	0	0	0	0
660	진짜 쇼핑몰 중언서 최악의 인터페이스와 최악의 속도를 자랑하네요 롯데닷컴 직원들은 집에서 인터넷 쇼핑은 티몬이나 쿠팡만 이용하시죠?? 직접 쓴다고 만든건 아니란 확신만 더합니다	1	1	0	0	0	0	0	0
661	뭐야 이 어플은	0	0	0	0	0	0	0	0
662	결제가되야 결제를하죠....ㅠㅠ	0	0	0	1	0	0	0	0
663	예뻐서 맘에든다고 했더니 저희 딸이 구입해주네요 예쁘게 잘~ 신을께요	1	0	0	0	0	0	0	0
664	왜죠. 왜 이런거죠 결제할려고 하는데 자꾸 팅깁니다. 제 폰이 문제라고 칩시다. 그런데 이 앱 자체가.. 답답하네요....	1	1	0	1	0	0	0	0
665	와우 좀비거 5가스나 주다니 마침 5가수가 필요햤눈디	0	0	0	0	0	0	0	0
666	2주는 더 지난거 같은데...제거후 다시깔아도 인터넷에 연결이 안된다고만 나오네요ㅋ 왜이런거죠?스마트폰이 후져서?	0	1	0	0	0	0	0	0
667	갤럭시 S9 시리즈에서 급방전 문제가 발생합니다	1	0	0	0	0	0	0	0
668	며칠째 앱 실행이 안돼요 개선 해주세요	0	1	0	0	0	0	0	0
669	더편리하고 나은앱으로 거듭나길 바랍니다	0	1	0	0	0	0	0	0
670	업뎃하고나서 롯데닷컴 중지되었다고.. 창이 시도때도없이 떠요 재설치해도 똑같네요 왜이런건지 해결 좀 해주세요	0	1	0	0	0	0	0	0
671	중지 팝업 짜증나서 삭제해요.	0	0	0	0	0	0	0	1
672	업데이트 된 이후 되는 게 없어요. 전화기 자체가... 다른 앱을 하는 중에도 롯데닷컴 중지 팝업이 떠서...	0	1	0	0	0	0	0	1
673	어제 오늘 접속해 들어가기만하면, 화면멈추고 폰 먹통되네요..반품건도있고 알림올때마다 드러가게되는데 앱 다시깔아도 그렇고 상당히 짜증납니다	0	1	0	0	0	0	0	0
674	업데이트 이후 자꾸 중지되었다는 팝업이 떠서 다시 지우고 새로 깔아도 팝업이 자꾸 뜹니다 이런경우 오히려 업데이트를 안하는게 더 좋지않았을까 생각이 드네요	0	1	0	0	0	0	0	1
675	배송으로 실망시킨적은 없는 롯데온	0	0	1	0	0	0	0	0
676	몇개월전부터 계속버벅대거나 접속오류거나 에러거나 멈추거나함.많은사람들이 안된다고하면 원인해결을하세요.!!! 이렇게 안되고 불편한앱으로 어떻게 하라는건지.일부러그러는건지..롯데가 맞는건지.. 그래서 플레티늄등급버리고 딴 쇼핑몰로갈아탐	0	1	0	0	0	0	0	0
677	무슨 홈쇼핑에서 나와는중에 구매를 했는데,롯데닷컴에서 구매한 것이니 상담을 그쪽(닷컴)에서 하라는등, 여러모로 최악입니다	1	0	0	0	1	0	0	0
678	롯데온 좋슴당	0	0	0	0	0	0	0	0
679	편리한 쇼핑이길 바랍니다	0	0	0	0	0	0	0	0
680	갤럭시s9새로 구매해서 어플 깔았는데 배터리소모가 빨라서 a/s센터 문의하니 어플이 갤럭시s9 고성능을 따라오지못해 사용하지 않은상태에서도 배터리를 소모한다는데 어떻게된건가요	1	0	0	1	1	0	0	0
681	넘 좋은 것 같아요	0	0	0	0	0	0	0	0
682	앱을 깔았었는데 얼마전부터 화면상에는 있는데 설치가안되었다고 하네요. 지우고 다시 깔려고 해도 앱이 안깔리네요	0	1	0	0	0	0	0	0
683	너무 여러가지 상품이 복잡하게 진열되어있어 보기싫은 앱이라 잘 사용안함	1	1	0	0	0	0	0	0
684	엘롯데도 되는데 롯데닷컴은 어느날부터 인터넷연결이 안된다고 뜨고 다기 깔아도 안되요	0	1	0	0	0	0	0	0
685	어플 업뎃이 잘안되요	0	0	0	0	0	0	0	0
686	저한테 맞는 쇼핑묠이라 생각해 봄니다	0	0	0	0	0	0	0	0
687	진짜 최악의 앱이네요.	0	1	0	0	0	0	0	0
688	아니 앱이 안열려.ㅋ	0	1	0	0	0	0	0	0
689	ㅋㅋㅋㅋ정말 다운받고 충격받았어요 ㅋㅋㅋㅋ 아니 ㅋㅋㅋ 모바일앱만들지를 말던가 정말 후기남기게하는 머찐 앱 느려터져서 사용할수없음. 아프리카에서 인터넷 해도 이거보다 빠를듯	1	1	0	0	0	0	0	0
690	결제 단계에서 계속 멈춤~ 물건을 팔려고 만든건지, 고객 열받게 하려고 만든건지~	1	0	0	1	1	0	0	0
691	참 좋은 앱 이예요	0	1	0	0	0	0	0	0
692	드럽게안들어가짐 최악	0	0	0	0	0	0	0	0
693	업데이트하고나서 왜자꾸 튕기고 앱이 자꾸 실행멈춰요. 왜이런겁니까.	0	1	0	0	0	0	0	0
694	왜로그인하려는데 비번작성이 안되는 이유가뭘까요? 제핸펀 문제인건가요? 다른앱에서는 잘만되는데..	1	1	0	0	0	0	0	0
695	폰키기만하면 롯데닷컴중지창뜨는데 리뷰보니 고쳐준다하길래 고쳐주겠지 하고 기다리다 계속떠서 짜증나 삭제해요 도대체 언제 고칠건가요? 일을하긴하는건가요 답답하네요정말	0	0	0	0	0	0	0	0
696	정말느리고 절차 귀찮고 최악이네	0	0	0	0	0	0	0	0
697	그냥 기존대로 가도 전혀 문제없는데... 바꾼다는건 뭔가 업그레이드 편리성 아닌가요? 어떻게 바뀐게 더 버벅대고 불편한지	0	0	0	0	0	0	0	0
698	왜제가남긴 리뷰 삭제된거죠? 최악이네요?	0	0	0	0	0	0	0	0
699	너무안들어가짐	0	0	0	0	0	0	0	0
700	호털에. 온 느낌이예요	0	0	0	0	0	0	0	0
701	가장 자주 애용하는 쇼핑앱	0	1	0	0	0	0	0	0
702	그냥 초코 받을려고 깔는거예요	0	0	0	0	0	0	0	0
703	검색어 입력하면 파라미터 안 가져가는지 검색어칸 빈칸으로 조회 못함	0	1	0	0	0	0	0	0
704	쓰레기 어플. 개발자 단두대로 처형시켜라.. 최적화 및 기본적인 기능 구현도 제대로 못하는 무능력, 무근본 개발자의 작품	0	1	0	0	0	0	0	0
705	상품평 남기면서 사이즈 '크다' 로 선택했는데, 고객만족도에는 '작다'로 나옴. 상품평이 1명이면 '크다'가 반영되어야 하는 거 아닌가요? 고객센터 직원 답변은 수정해서 다시 올리라고만 함. 그걸 안해보고 문의를 했겠습니까. 앱도 불편하고 고객센터 답변도 성의없고...	0	1	0	1	1	0	0	0
706	배송도 빠르고 상품도 만족해요	1	0	1	0	0	0	0	0
707	다양한 제품 선택이 용이하고, 앱전용 할인혜택에 엘포인트 사용까지 되서 저렴하게 구입했어요	1	1	0	0	0	1	1	0
708	필요한 것에 대해 흡족한 금액으로 구매가 가능해서 만족합니다.	1	0	0	0	0	0	0	0
709	코트샀는데 원단도 좋고, 가격도 착하고~ 잘 득템했어요~	1	0	0	0	0	1	0	0
710	업뎃 ,. 쓰기 어렵구 복잡해요 ㅜㅠ 원래의 롯데다컴 돌아와..	0	0	0	0	0	0	0	0
711	최고입니다 제품도 다양하게 많고~	1	0	0	0	0	0	0	0
712	빠른 배송 저렴한 상품 모두 만족	1	0	1	0	0	0	0	0
713	너무이쁘고 좋아요	0	0	0	0	0	0	0	0
714	롯데닷컴중지중지어케좀해보세요짜증나게계속뜸네요	0	0	0	0	0	0	0	0
715	오류안고칠거냐? 왜 롯데닷컴 앱때문에 내 휴대폰쓰는게 불편해야하냐	0	1	0	0	0	0	0	0
716	완전좋아요!	0	0	0	0	0	0	0	0
717	Not bed	0	0	0	0	0	0	0	0
718	롯데 계열에 쇼핑몰들에 상품들을 한꺼번에 주문할 수 있다는 게 장점~	1	1	0	0	0	0	0	0
719	바뀌고 나서 더 불편해서 안 쓰게 됨. 차라리 신세계 쪽으로 사용 하고 있음. 진짜 쓸데 없고 복잡하게 바뀜	1	0	0	0	0	0	0	0
720	주문한상품 배송이 언제되나 궁금해서들어갔다가 메인홈에서움직이질않고계속멈춰버리니 열받아서 지워버렷네요ㅡㅡ상품을팔려면 앱관리좀잘하시져!!다신롯데닷컴에서안삽니다ㅡㅡ	1	1	1	0	1	0	0	0
721	조금은 얇은듯 하나 여름에 입기에는 좋을듯 합니다	0	0	0	0	0	0	0	0
722	인터넷 연결이 안된다는데 다른앱은 열리는데 문제가 있으면 조치를 취해야 하지 않을까요 주문해야 하는데 당황 스럽네요	1	1	0	0	0	0	0	0
723	오.류.수.정.이 가장 시급할 때네요..	0	0	0	0	0	0	0	0
724	앱을 열려고 하니 인터넷 연결이 되지 않는다고 자꾸 뜨네요. 앱을 지우고 다시 설치해도 똑같은 증상이 반복됩니다. 추가로 또 씁니다. 앱은 들어가지지도 않고 지우고 깔고를 반복했어요. 그런데 마일리지 소멸 된다고 카톡오네요. 뭐 이런 앱이 다 있는지 열받고 또 받네요.	0	1	0	0	0	0	0	0
725	반품 결제 수단을 다른걸 만드시던지요 되지도않는 카드결제 최악이네요	1	0	0	1	0	0	0	0
726	집에 받을 사람이 없어 현관문앞에 두고 가셨는데 무거운거라 편하게 들고 올수 있었네요	0	0	0	0	0	0	0	0
727	자동업데이트 후에 인터넷연결을 확인하라는 말만 나오고 열리지를 않네요. 며칠동안 앱을 지우고 깔아봐도 똑같아요. 무슨 앱을 이렇게 업뎃해놓고 오류 수정은 안하는지..	0	1	0	0	0	0	0	0
728	업데이트가.안되요	0	1	0	0	0	0	0	0
729	로그인을 가끔 하게 되는데 한번으로 끝나지 않고 여러번 하라하니 번거로웠는데 업데이트 한 후엔 어떨지 또 지켜보아야하겠습니다	0	1	0	0	0	0	0	0
730	언제부턴가;; 어플이 오류많이 뜨고 검색해도 하얀창만뜨고 어플을 껏다켰다 반복을 자주해줘야함 앱좀 관리좀 하세요	1	1	0	0	1	0	0	0
731	아 겁나 느려졌음 ㅡㅡ	0	0	0	0	0	0	0	0
732	앱이 자동으로 업데이트 된 이후로 아예 열리지가 않네요.	0	1	0	0	0	0	0	0
733	업댓 이후 상품 상세보기가 되지 않습니다. 물건 이름만 보고 결제하라는 건지. 컴퓨터없으면 쇼핑을 할 수 없어요.	1	1	0	1	0	0	0	0
734	아니 업뎃한 이후에는 상품 상세정보 보기가 되지 않는데 뭘 보고 쇼핑을해요? 옵션 선택은 되는데 상품 리스트가 안보이면 어떡해.. 빨리 개선해주세요	1	1	0	0	0	0	0	0
735	앱설치안되어있다해서 제거하고 다시설치함 겁나 느려짐 빡침ㅡㅡㅋ빤낭 개선좀해주셈ㅡㅡㅋ	0	1	0	0	0	0	0	0
736	전엔 잘됐는데 언젠가부터 업뎃하고나서부턴 화면로딩도 엄청 길어지고..기다리다 앱 종료 한두번 아닙니다..그리고 어제 업데이트하고 나선 상품보러 들어가면 상품페이지는 아예 뜨지도 않는데 뭘보고 주문을 하죠? 검색기능은 있으나 검색하면 하얀바탕만 뜨네요.. 개선해주세요	1	1	0	0	0	0	0	0
737	업데이트된다음 이상합니다ㅠ	0	1	0	0	0	0	0	0
738	엘페이 기능도 잘 안 돌아가고 엘페이 관련 앱수정한다면서 왜 그 기간에 엘페이 행사해요??	0	1	0	1	0	0	1	0
739	아직은 ~ㅋ	0	0	0	0	0	0	0	0
740	배송에 신경 써주세요 보내실때 상품상태등등	1	0	1	0	0	0	0	0
741	세상에 앱관리를 어케 하시는지 회원가입됐다구 해시다가 아니라구 했다가 몇번씩 가입하구 재설정 하구 화가 나서 이 어플 안쓸랍니다 다른곳에서 구매하네요	1	1	0	0	1	0	1	0
742	인터넷 연결안됨 나오며 계속 종료됩니다.	0	1	0	0	0	0	0	0
743	가격싸고 빠른배송에 감사	1	0	1	0	0	1	0	0
744	좋아요	0	0	0	0	0	0	0	0
745	오늘 처음 써봤는데, 괜찮네요.	0	0	0	0	0	0	0	0
746	업데이트 싫어서 제거합니자.앱말고 그냥 피시도 다능하게하지..	0	1	0	0	0	0	0	0
747	Good	0	0	0	0	0	0	0	0
748	상품평 작성할 때 앱에서는 사진첨부가 안됩니다. 그리고 엘포인트 적립 신청도 앱에서는 안되고 PC에서만 가능하다네요. 여러보로 번거롭고 별로에요. 이런부분 업뎃이 필요합니다	0	1	0	0	0	0	1	0
749	계속 좋은 업뎃 부탁드려요~~	0	0	0	0	0	0	0	0
750	인터넷 연결을 확인하세요.. 라는대요??? 주로 여기서 쇼핑하는데. . 안열려서 답답네요	0	1	0	0	0	0	0	0
751	너무 속도가 느리다	0	0	0	0	0	0	0	0
752	자동으로최대할인적용시스템이편하네요	0	1	0	1	0	0	0	0
753	종류별로 다양하게 게 나온것같아서 편리하고 좋네요.	1	0	0	0	0	0	0	0
754	고객님 안녕하세요, 롯데닷컴입니다.	0	0	0	0	1	0	0	0
755	진짜 짜증나서 못해먹겠네요 인터넷연결확인하라고 계속 떠서 앱은 들어가보지도못하고 머 어떻게하라는 거예요ㅡ 어짜피 못볼꺼 앱은 왜 만들어놓은건지 모르겟네요	0	1	0	0	0	0	0	0
756	검색한상품다시초기화홈 으로돌아가고또검색해놓으면바로초기화아휴하란건지말란건지	1	1	0	0	0	0	0	0
757	설치되지않은앱이라고 나와서 업데이트했는데, 계속 안되네요. 설치되지않은앱이라고 나옵니다...	0	1	0	0	0	0	0	0
758	업데이트이후 자꾸 인터넷 연결이 안되었다고함! 진짜 짜증	0	1	0	0	0	0	0	0
759	업테이트 하더니 검색도 안되고 느리고.... 인터넷접속도 안된다 하고 제대오 갖춘담에 오픈했어야하지 않나요? 롯데닷컴 잘 이용하고 있었는데 이런거 왜 만들었는지... 신세계몰로 갈아타야겠어요	1	1	0	0	0	0	0	0
760	매장 픽업하면 가격 더 다운되네요. 괜찮아요	1	1	0	0	0	1	0	0
761	물건 가격이 저렴해서 좋다.	1	0	0	0	0	1	0	0
762	잘 사용합니다	1	0	0	0	0	0	0	0
763	맨날 그만좀업뎃해요 ㅜ 필요도없는데	0	0	0	0	0	0	0	0
764	앱에서는 상품검색이 안되서 매번 이곳에 와서 앱을 열어야 되니..업데이트를 왜 한거죠?	1	1	0	0	0	0	0	0
765	에러심하고 느리고ㅜㅜ 잘좀만듭시다	0	1	0	0	0	0	0	0
766	진짜 멋 데로네!	0	0	0	0	0	0	0	0
767	언젠가부터 카테고리 적용 후 검색을 하려면 제멋대로 전화면으로 넘어갑니다. 앱 삭제후 다시 깔아도 마치가지이구요. 어떻게해야하나요? 검색란에 제품명을 일일이 쳐서 검색해야하나요?	1	1	0	0	0	0	0	0
768	타사홈쇼핑들은 잘 되는데 롯데닷컴은 매번 오류, 이미지 없어지고..프로그램 운영자를 바꾸시는게ㅜ	0	1	0	0	0	0	0	0
769	앱 업데이트되면서 상세는 아예나오지도 않음 지우고 다시깔아도 마찬가지.	0	1	0	0	0	0	0	0
770	어플사용해서 쇼핑하니깐 확실히 편하고 좋네요~ 애용할께요	1	0	0	0	0	0	0	0
771	침구류 싸게 잘 샀어요!! 아이들이 좋아하네요	0	0	0	0	0	0	0	0
772	오른쪽 상단에 탭하나 생긴후로는 앱 열리지 않음 스토어들어가서 열기 눌러서 들어감	0	1	0	0	0	0	0	0
773	왜 계속 앱이 검색오류나고 실행이 안되죠? 삭제후 재설치 데이터삭제해도 안되고	1	1	0	0	0	0	0	0
774	계속 오류뜨고 다시 껐다켜야되고 급기야 이제는 아예 앱 설치가 안됐다고 바로가기도 안되고	0	1	0	0	0	0	0	0
775	폰이 구려선줄알았는데 최최신폰으로바꿔도 다운이...ㄷㄷ백번다운받겠음	0	1	0	0	0	0	0	0
776	요즘 같은 시국에 생활을 편리하게 해주네요	0	0	0	0	0	0	0	0
777	다운이 안되요 정말 최악!	0	1	0	0	0	0	0	0
778	편하게 쇼핑하네요~너무 좋아요!!!	0	0	0	0	0	0	0	0
779	인생 최악의 어플. 엘페이 연동도 잘 안되고(주결제수단 등록하라고 하는데 이미 등록해놓은 카드 선택이 안됨) 어플 실행도 안되서 다시 깔았음	0	1	0	1	0	0	0	0
780	오류가 너무 자주나요	0	1	0	0	0	0	0	0
781	좋아여^^	0	0	0	0	0	0	0	0
782	고객센터 이용이 편리하고, 친절해요..오늘 문의한 내용 빠른 처리 너무 좋았어요	1	0	0	1	1	0	0	0
783	여러모로 좀 할만하네요	0	0	0	0	0	0	0	0
784	특가 상품 좋네요. 미리 볼 수 있으면 더 좋을 듯	1	0	0	0	0	0	0	0
785	완죠니 편리하고 좋아요..엄마랑 같이 조금 전에 쇼핑했네요	0	0	0	0	0	0	0	0
786	오랫동안 롯데닷컴 플래티넘+ 등급 유지해왔는데 이번 개편으로 한순간에 리셋됐네요. 높은 등급이라는 건 그만큼 충성고객이고 단골이라는 얘기인데 조금만 배려를 했다면 기존의 등급 유지기간까지는 혜택을 유지하게 하거나 또는 대체할 만한 혜택을 제공하는 등 대안을 고려해 볼 수도 있었을 텐데요. (다른 리뷰 보니 나중에서야 쿠폰 지급 받으신 분들 있는데 전 받은 게 없고, 누군 주고 누군 안주는건지 이것도 참 황당합니다.) 너무 갑작스러워서 혹시나 하고 찾아보니 약관변경 메일 한 통 보내셨던데 모바일에서는 읽기도 힘든 깨알 같은 글씨로 두루뭉술하게 안내할 것이 아니라 모든 등급이 초기화된다고 정확하게 고지를 해줘야 남은 쿠폰이라도 다 쓰고 탈퇴를 할지 말지 결정하지 않았을까요? 왜 이렇게 고객들의 선택권을 무시한 채 일방적인 방식으로 진행되어버린 건지 이해하기가 어렵습니다.	1	1	0	0	1	0	1	0
787	의류 구입했는데 만족	1	0	0	0	0	0	0	0
788	맨날업데이트하래..로딩도 겁나길고 다음페이지 볼라면 하루죙일걸려요	0	1	0	0	0	0	0	0
789	꾸준히 이용하는 앱 중에 하나예요	1	1	0	0	0	0	0	0
790	전체적으로 상품이 싸고 좋은 거 같네요	1	0	0	0	0	0	0	0
791	쇼핑몰 중에 좀 깔끔하고 보기 편하게 되어있는 거 같아요!! 전 나름 만족중입니다~	0	1	0	0	0	0	0	0
792	업뎃이 되면 분명 기존 보다 더 편리하고 좋아져야 하는 것일텐데...오히려 더 불편하고 사용하기 힘 듭니다. 화면도 자주 깨지고 무엇보다 기존에 선물 했던 주소록도 몽땅 사라지고 없고...ㅠㅜ 상품도 다른 사이트에 비해 특별히 뛰어난 점이 두드러져 보이는 것도 없고...	1	1	0	0	0	0	0	0
793	제품도 많고 검색하기 좋네요.	1	1	0	0	0	0	0	0
794	오류인가요? 인터넷 연결하라고 뜨면서 접속이 안되요	0	1	0	0	0	0	0	0
795	빠른 배송부탁합니다~~	0	0	1	0	0	0	0	0
796	iOS인데 리스트에서 상품 상세 들어갔다가 뒤로 가면 내가 보던 위치가 아니라 스크롤 탑으로 올라가있어요. 게다가 한 뎁스 앞으로 가져서 다시 해당 카테고리 들어가서 또 스크롤 쭉쭉 내려야해요. 어떻게든 포인트 좀 쓰려고 쇼핑중인데 뒤로가기가 저 모양이라 그냥 상품상세 안보고 리스트에서 찜하기 해두고 찜리스트에서 다시 봅니다. 이렇게 어렵게 쇼핑해야하는지 현타가 와서 시간 쪼개 리뷰까지 남겨요. 이거 개선 개발이 그렇게 어렵나요? 그 밖에도 느린거, 스크롤 안되는 페이지들, 시스템피커 오류 등등 자잘한 버그도 많지만 뒤로가기 탑으로 가는건 좀 개선해주세요.	1	1	0	1	0	0	1	0
797	신선하게 제품이 오고, 할인도 해주니 만족 안할 수가 없네요	1	0	0	0	0	1	0	0
798	요즘 봄맞이 옷사기 좋네용 번창하세요	0	0	0	0	0	0	0	0
799	다시 롯데닷컴으로 돌려주세요. 이거 지난번에 산 물건이 없어지고 생 난리도 아닌데 왜 점점 더 이상하게 바뀌는지 모르겠네요. 사용자입장에서 생각 좀 합시다.	1	0	0	0	0	0	0	0
800	좋아요	0	0	0	0	0	0	0	0
801	스크롤하면 롯데닷컴 앱이 audio focus을 가져가서 재생중인 음악이 멈춥니다. 원인분석까지 해드렸는데 다음업데이트엔 꼭 수정되길 바랍니다.	0	1	0	0	0	0	0	0
802	배송지 수정을 하려는데 도대체 텍스트입력이 안되서 주문못함 뭔 이런경우가	0	1	0	0	0	0	0	0
803	업데이트 하라해서 했는데 이건 뭐 어플 쓰지말라는 거 같아서 삭제했네요 브랜드명 검색도 안되고 찜해둔 상품은 다 없어지고 .. 저만 이러나싶어서 지인한테 물어봤더니 똑같이 이런다네요 어플 좀 고쳐주세요 ..;	1	1	0	0	0	0	0	0
804	에러가 너무 자주남	0	1	0	0	0	0	0	0
805	이번에 바뀐 결제화면이 넘 별루임니다	0	1	0	1	0	0	0	0
806	인터넷연결이 안된다고 계속 닫혀요...	0	1	0	0	0	0	0	0
807	광고 너무 싫음	0	0	0	0	0	0	0	1
808	자세히설명부탁함니다	0	1	0	0	0	0	0	0
809	어플자체는 좋으나 멈추는 현상이 너무 자주발생하여 보기 짜증나는 정도입니다. 제발 업데이트할때 이런 현상 좀 수정해주세요!!!!!	0	1	0	0	0	0	0	0
810	대기업이라 그런지. 행사 및 이벤트도 많구 물건 사기 좋은 앱이에요...좋은제품 사기 좋은곳. 또 엘포인트도 죠서 좋아요..	1	1	0	0	0	0	1	0
811	메일로 오류 내용보내도 해결안해주고 뭐하자는건지 역시롯데 ㅋㅋㅋ	0	1	0	0	0	0	0	0
812	왜 로그인하고 마이롯데나 장바구니 들어가려고 하면 다운되고 앱이 멈추는 거지요??	0	1	0	0	0	0	0	0
813	난 애초에 여기 회원가입도 안되어있는데 왜 카톡으로 계속 알림이 오는지 모르겠음	0	1	0	0	1	0	1	0
814	회원가입쉬우면 뭐하나요 로그인이 백날 해봤자 안되는데, 로그인 안되서 비밀번호도 변경해봤는데 시간만 날렸네요. 댓글보니까 로그인 안되는 사람들 몇몇 있던데 문제점 확인 해본다고 답변은 달고 해결은 안하시나봐요?? 본인들이 직접 어플 새로깔고 신규회원가입해보세요. 물건사려고 들어왔다가 시간만날리고 기분만 나빠졌네요. 제 댓글에도 문제점 확인해보겠다고 답변 달겠죠?? 댓글도 자세히 읽으시는지 의문스럽네요.. 빨리 어플 신규회원가입하고 로그인 실패뜨는거 해결좀 해줬으면좋겠습니다.	1	1	0	0	1	0	1	0
815	화나네요 물건배송 받지지도않았는데 기사님 맘대로 배송완료하고 지금 받을수있는지 없는지도 알수없고 불쾌하네요	1	0	1	0	0	0	0	0
816	🌞🌞🌞🌞🌞🌞🌞🌞🌞🌞🌞	0	0	0	0	0	0	0	0
817	업그레이드 전혀 안되네요. 실망스럽네요.	0	0	0	0	0	0	0	0
818	최고	1	0	0	0	0	0	0	0
819	속도가 정말 빨라졌어요. 앞으로도 잘쓸게요~~♡	0	0	0	0	0	0	0	0
820	쇼핑몰이용하는거 요즘에는 롯데닷컴많이써요~~요즘최저가도많고 쇼핑하기도편해요!!	1	1	0	0	0	1	0	0
821	물품 발송이 불가능했으면 전화를 줘야 알지요?? 일주일 지나도 연락이 없어서 봤더니.. 발송불가능...? 그럼 전화를 주셔야.. 알꺼 아니에요..선물할 물건이 오지 않아서 참 고마워요 (^_^)	1	0	0	0	0	0	0	0
822	감사합니다	0	0	0	0	0	0	0	0
823	앱중지 계속 되요	0	1	0	0	0	0	0	0
824	샘플고마워요~나중에도 많이주세요 ㅋ	0	0	0	0	0	0	0	0
825	알아보기 쉬운 전시와 간편결제가 무척 편리하더라구요	0	0	0	1	0	0	0	0
826	넘자주 오류남 쇼핑하다 모좀보려면 오류 그럼또 다시 검색 완전짜증 상품평 다쓰고 올릴려고 하면 잘되지도안고 완전느려짐	1	1	0	0	0	0	0	0
827	깔기 전에 잘 생각해보고 결정하세요 난 시간이 매우 많고 인내심이 길다면 다운 받으세요 후기도 한번 찾아보시고요 전 이번 물건만 받고 바로 삭제할 겁니다 아 일주일 동안 물건 안보내서 언제 받을 지는 모르겠지만요 일찍 알려줬으면 다른 곳에서 샀을텐데 전화하고 나서야 배송지연인 줄 알았네요	1	1	1	0	0	0	0	0
828	구매한 제품이 넘 좋아요	1	0	0	0	0	0	0	0
829	그동안 잘 이용했는데 몇일전부터 몇번을 제거하고 다시 깔아도 오류입니다 짜증나서 못하겠네요	1	1	0	0	0	0	0	0
830	갤5 사용중인데 업데이트 하려 보니 기기와 호환되지 않는다고 뜹니다. 사용할수 없는 건가요?	1	1	0	0	0	0	0	0
831	결제할때마다 인증번호 안와서 상담했더니 삭제하고 다시 설치하라고 하다니 방법이 이것뿐인가요? 그동안 불편함없이 잘써와서 계속 사용했는데 지금 몇번째 삭제와 재설치인지 빨리 좀 개선하세요	1	1	0	1	1	0	0	0
832	진짜 구림. 스마트픽 때문에 이용하고 싶어도, 페이지가 안넘어가고 검색이 매우 불편함. 이번 물건만 사고 바로 삭제할거다	1	1	0	0	0	0	0	0
833	잘되다 인터넷 연결 확인하라는 문구가 뜨면서 접속불가네요. 삭제후 재설치해도 않되는건 어떻게 된건지 도통 모르겠어요. 확인 부탁합니다.	0	1	0	0	0	0	0	0
834	업뎃안되서 제거하고 다시 깔려고하니 이젠 깔리지도 않네요	0	0	0	0	0	0	0	0
835	롯데앱을 3개깔았는데 슈퍼도 느리지만 이앱은 핸드폰 성능을 떨어뜨리네요 다른 앱까지 느리게 영향을 끼쳐 삭제했더니 다시 빨라진것보니깐 확실히 문제가 있네요	1	1	0	0	0	0	0	0
836	상담원부터 서버상태까지 최악중에 최악	1	0	0	0	1	0	0	0
837	사용하는 쇼핑몰중 유일하게 인터넷 연결확인하래서 삼일에 한번꼴로 지웠다 깔고 있슴 몇달째 이러고 있슴. 거기다 버벅거리고 진짜 느립니다	1	1	0	0	0	0	0	0
838	고객의 의견을 반영했다는데 아래 나온 의견은 고객의 의견이 아닌가?? 글구 엘페이 부분결제취소나 수정하시지..	0	1	0	1	1	0	0	0
839	업데이트설치도안되고 앱겁나끊킴	0	1	0	0	0	0	0	0
840	검색중에 끊김.자주 사용하기 매우불편함	1	1	0	0	0	0	0	0
841	자동로그인도 안되고 이젠 아예 로그인도 안되고..덕분에 G★홈쇼핑 이용합니다.	1	1	0	0	0	0	0	0
842	물건은 생각햇던데로 아주 맘에듭니다..그치만 배송이 기재된거완 달리 많이 늦었어요.양해해달라는 문자는 왔었지만..조금은 서운합니다~	1	0	1	0	0	0	0	0
843	sk랑연계되어있던앱이좋던데 이건맨날앱다시시작 이럼서꺼지고 진짜 너무 앱이 엉망이에요...	0	1	0	0	0	0	0	0
844	다른앱은 문제없이 실행되는데 롯데닷컴앱은 인터넷연결을 확인해달라는 메세지가 나옵니다. 왜일까요? 네이버에서는 롯데닷컴 접속이되는데 왜 앱에서는 안될까요?	1	1	0	0	0	0	0	0
845	갤럭시S7사용하고 있습니다. 구매하려고 배송방법을 스마트픽으로 체크하면 랙이 걸려 아무것도 작동이 안돼 전원을 껐다가 다시 켜야 합니다. 다시시작하고 역시 스마트픽을 체크하면 동일 현상 반복입니다.	1	0	1	0	0	0	0	0
846	오류가 넘 많아서 쓰기 불편한 앱. 가입, 로그인으로 애먹이더니 롯데페이 카드등록도 안되네요! 보안입력창 뜨고 입력은 안되는...	0	1	0	1	0	0	1	0
847	업데이트 한 이후부터 계속 튕김 로딩시간도 오래걸리고 빨리 개선좀 해줘요 뭐 하나사려면 다섯번은 껏다켜야돼ㅡㅡ	0	1	0	0	0	0	0	0
848	좋아요	0	0	0	0	0	0	0	0
849	레쓰비가 왜 안오죠...	0	0	0	0	0	0	0	0
850	좋은 제품 마니 올려주세욤	1	0	0	0	0	0	0	0
851	테스트를 한건지 ios환경에서 업데이트 대응 못한건지 http에러나고 ux는 물론이고 검색 알고리즘도 엉망이고 총체적 난국. 왜 만들고 왜 광고함?	1	1	0	0	0	0	0	1
852	신격호 회장님 앱관리좀. 스타트업이 만들어도 이것보다 나아요.	0	1	0	0	1	0	0	0
853	로그인자체가 안되고 비번바꾸어도 안됨 메일로 제출하라고 답변달지말고 시스템 오류니 점검하세요 똑바로 만들고 시작해야지	0	1	0	1	1	0	0	0
854	1월 16일부터 주문배송조회 에러뜹니다 몇번이나 삭제하고 다시 설치를 매일하고 있는데 안되어 문의사니 쿠키삭제하고 최신업데이트하라해서 그대로 몇번이나 해보는데 안되네요 평소 에러나긴해도 다시 로그아웃하고 로그인하면 되었는데 이번엔 며칠동안 안되고요. 제 아이디로 다른핸폰으로 들어가도봐도 동일현상...반복 이네요 제 폰문제가 아니라 제 아이디 문제인듯해요 오늘부터는 결제도 안됩니다. 플레티넘 이라 쿠폰도많고 할인도 잘됐는데...어째야 하는거죠? 제 아이디에. 문제가 생긴건가요?	1	1	1	1	0	1	1	0
855	롯데에게 뭇는다 앱 개발해서 고객에게 사용하기 편하게 해야 롯데에 관심과 호응받는거 아입니까 별5섯받아야지 고객이 다 힘들계 앱만들면 고객이 있으니 롯데도 있는거 아입니까 어느 돌 대가리가 앱 만드렇는지 참 이이런하네요.죽을놈들.	1	1	0	0	1	0	0	0
856	앱이 맨날에러나요. 정말 성격버리기 딱좋은 앱임	0	1	0	0	0	0	0	0
857	배송도 정말 빠르고 좋았습니다	0	0	1	0	0	0	0	0
858	지금쿠폰사용할려구요~~^^	1	0	0	0	0	0	1	0
859	좋아요	0	0	0	0	0	0	0	0
860	주문한지 10일 발송한지 6일째..오늘은 물건이 오려나? 송장번호 알려달라고해도 모른다. 입점업체는 하루종일 통화안돼. 문의 넣어봐도 엄한답변만.. 이번물건오면 앞으로 롯데닷컴 쓸일 없을듯... 다른데 시켰으면 두세번은 왕복했겠네...	1	1	0	0	1	0	0	0
861	주문한 물건들이 전체적으로 믿을만하네요. 출퇴근시간에도 느리지 않고 전 만족하면서 쓰고 있네요	1	1	0	0	0	0	0	0
862	업데이트되고 좀 빨라진듯	0	1	0	0	0	0	0	0
863	앱이잘실행되지않는이윤?항상보면 인터넷연결확인하 라고해서 앱을삭제하고다시실행하는 불편함	0	1	0	0	0	0	0	0
864	필요해서 쓰기는 하는데 중지가 너어어어무 자주돼요!!	0	0	0	0	0	0	0	0
865	앱 실행할 때마다 새로 로그인해야함.자동 로그인해도 안 됨. 롯데 통합 하고 부터 많이 불편함.	0	1	0	0	0	0	0	0
866	상품페이지를 4개 이상 보면 아래 화면이 까맣게 되면서 앱이 재실행됩니다. 너무 불편해요 좀 편하게 이용하고 싶었는데 말예요. 그리고 위시리스트 보기를 웹상에서 제가 설정해둔 폴더로 볼수있게해주세요. 다 분류해놓고 앱으로 위시리스트를 보면 제가 설정해둔 폴더명은 없고 기본 카테고리로만 보게되어있으니 여간 불편한게 아닙니다!!!	1	1	0	0	0	0	0	0
867	로그인이왜안되는지 비번만바꾼게 몇번인데 왜로그인이안되는거죠??너무짜증납니다	0	1	0	0	0	0	0	0
868	고객님, 안녕하세요. 롯데닷컴입니다.	0	0	0	0	1	0	0	0
869	화면 꺼짐이 안됩니다. 계속 켜져 있음!! 왜 그런거죠? 설정도 없는데...	0	1	0	0	0	0	0	0
870	저렴하게 구입할 수 있는 쇼핑앱	1	1	0	0	0	0	0	0
871	상품이 항상 잘 포장 되어서 마음에 들어요	1	0	1	0	0	0	0	0
872	왜 다른어플은 안그런데 이어플만 혼자 오류나나요.. 휴대폰상태체크할때 이어플만 자주오류나서 꺼진다고 진단내려져요. 앱다시열기 버튼 맨날 떠요	1	1	0	0	0	0	0	0
873	왜 자꾸 튕기나요 승질나 죽겠네요	0	0	0	0	0	0	0	0
874	가입을 했는데 로그인도 안되고 비밀번호만 3번은 바꾼듯합니다 이용해도 비회원으로 이용할테니 회원탈퇴 해주세요 로그인이 안되니 탈퇴도 못하고 있네요	1	1	0	0	1	0	1	0
875	이번에 두번째 주문해요 묵직하고 따숩고 아주 만족합니다.	1	1	0	0	0	0	0	0
876	원래 잘썼었는데 오레오 업뎃이후 앱실행후 상품선택에 스마트픽만 선택하면 아예 멎어버려요.진짜 성질나는데 좀 해결좀 해주세요.....	1	1	0	0	0	0	0	0
877	아기 옷 득템햇음	0	0	0	0	0	0	0	0
878	롯데 닷컴 매니아인데 이 쇼핑만 애용했었는데 열번째 지우고 깔러 들어왔다 열받아서 글 남기네요 왜 자꾸 인터넷 연결이 안된다고 하는건지 다른 홈쇼핑은 안 그런데~~ 그러다보니 이젠 없앨까 고민중입니다 난 롯데 홈이 젤로 좋았는데 요즘 지에스나 씨제이를 마니 이용하게 되네요 이거 왜 이런겁니까? 돌겠습니다	1	1	0	0	0	0	0	0
879	물건 구매하려고 돈을 입금하는건 30초 물건 발송예정일 5일이 지나 그제서야 품절상품이라고 취소처리 취소처리하고도 환불받는 시간은 3일 받아먹을때랑 내놓아야할때가 이렇게 달라서야	1	1	1	1	1	0	0	0
880	인터넷연결이안되어있다고 계속 뜹니다. 뭡니까?	0	1	0	0	0	0	0	0
881	로그인 자체를 할수 없네요..마이롯데나 장바구니클릭하면 앱이 중단되요..하...왜..얘만 이런건지..	0	1	0	0	0	0	0	0
882	앱 실행시키면 인터넷 연결이 안된다고 하며 꺼지네요..	0	1	0	0	0	0	0	0
883	조금 복잡하네요~저같은 주부에게는,,,	0	0	0	0	0	0	0	0
884	상품하나 보는데도 여러번 튕기고 여태 잘 되던 카드결제도 카드번호 오류라고 뜨고...요새 롯데카드 이벤트하던데 자꾸 오류뜨니 결제도 이벤트에 참여도 못하네요. 이벤트에 참여도 못하고	1	1	0	1	0	0	1	0
885	그나마 검색기능이 좋네요	1	1	0	0	0	0	0	0
886	잘 정리돼있음	0	0	0	0	0	0	0	0
887	잘되다가 업데이트 되고나서부터 지금 한달 가까이 이 앱을 못 쓰고 있어요. 계속 멎어서 상품구매를 할수가 없네요. 포인트도 소멸되고 뭘할수가 없도록 되어서 짜증납니다.	1	1	0	0	0	0	1	0
888	로그인할때 자동로그인을 눌러놔도 매번 다시 로그인해야하고 설정에선 선택조차 안되네요. 배송조회도 최신화가 안되는건지 반나절째 그대로이고, 계속 화면 초기화현상이 있네요. 많이 불편합니다.	0	1	1	0	0	0	0	0
889	일주일전의 어플 업뎃이후로 결제시에 오류가 발생합니다. 마이롯데 들어가서 임시데이터도 삭제해봤습니다. 소용없습니다. 일주일전에도 전혀 문제없었는데 어플 업뎃이후로 이상합니다. 상품선택해서 결제하기 누르면 화면이 계속 멈춤상태입니다.	1	1	0	1	0	0	0	0
890	로그인조차안되는이유는뭔가요??	0	1	0	0	0	0	0	0
891	짜증납니다. 벌써 네번째 삭제하고 설치하고 와이파이 빵빵하고 데이터 빵빵한데 실행만하면 하루뒤엔 인터넷오류 뜨고 이게 뭡니까	0	1	0	0	0	0	0	0
892	또 또 시작이네요. 인터넷연결하라고 하더니 알아서 창닫히고ㅋㅋ 신기하네요. 다른건 다 잘열리고 잘되는데ㅋㅋ 삭제후 다시 재설치해봐도 똑같고..ㅋㅋ 예전부터 뭔 쿠폰은 다운 열심히 받아놔도 적용되는건 그닥.. 거의 없고. 앱 개발자분 이렇게 여러사람들이 평가글 남기는건 관심있게 보고는 있으신지? 어찌 답글도 하나 찾아보기 힘든건지? 또 한가지. 상품평에 심한 욕설을 쓰거나 하진않지만 불만있는 상품평 냉정하게 쓰는데 기껏쓰고나니 툭하면 다운.ㅋㅋ 상품평 쓰라고 만들어 둔거면 제대로좀 해보시지요.	0	1	0	0	0	0	1	0
893	짜증이 정말나는군요~~~이런글 전혀안쓰는데 리뷰남기구 그러지않는데 답답해서 남깁니다 돈은 우리가쓰는데 계속 삭제하구 다시깔구 참~ 나는 나만그런줄알았더만 다들그러시네요~~고객센타 연결하기두힘들구 해봤자 짜증만나구 빨리개선좀해주세요	0	1	0	0	1	0	0	0
894	잘 사용하고 있었는데 오늘 갑자기 '인터넷 연결을 확인하세요'라는 창이 뜨면서 실행이 안되네요..와이파이는 물론 데이터 연결까지 되어 있는데 말이죠..어떻게해야 하나요? 해결 방법 좀 알려주세요...	1	1	0	0	0	0	0	0
895	최악입니다	0	0	0	0	0	0	0	0
896	새로 업데이트 후 인터넷 연결을 확인하라는 문구만뜨네요 사용할수없어요 왜그러는지요 인터넷 잘터지는데	1	1	0	0	0	0	0	0
897	검색안되고 사라지고 로딩길고 며칠째 이상해요	1	1	0	0	0	0	0	0
898	조금씩 발전하고 있슴^^	0	0	0	0	0	0	0	0
899	앱이 왜케 느려요~갤노트8인데버벅되고 주문하기도 느리고 앱을 보기도 힘들어요~답답합니다.업데이트해도 별개선보이지가 않네요~개선 부탁드려요~	1	1	0	0	0	0	0	0
900	친절하게 잘 받았어	0	0	0	0	0	0	0	0
901	스마트픽으로 찾기를 선택하면 화면이 어두워지면서 뒤로가기 키도안먹고 앱이 작동을 안해요~ 주문을 할 수가 없네요	1	1	0	0	0	0	0	0
902	여자상담원 인성문제있어	1	0	0	0	1	0	0	0
903	상품만 좀 보고있으면 자꾸 오류가 뜨면서 꺼지네요 앱이 최적화가 안되는건지...옛날부터 롯데닷컴 오류가 참 많았는데ㅡㅡ 쓰기 편하게 만들어주셔야죠... 이래서는 쓰기도 힘들겠네요	1	1	0	0	0	0	0	0
904	핫딜상품 더 만들어주세요~	1	0	0	0	0	0	0	0
905	아 짱나 업데이트하구선 되는게 없네요	0	1	0	0	0	0	0	0
906	저는 다른앱보다 롯데온이 쓰기 편한거같아요	0	1	0	0	0	0	0	0
907	이번에 폰바꾸면서 새로 설치한건 계속'앱 다시시작'이란 메세지가 뜨면서 다운이됩니다 재설치를 해도 그런데 뭐가 문제입니까	1	1	0	0	0	0	0	0
908	자동로그인 설정해놔도 매번 로그인 해야되서 불편합니다. 테스트는 해보시나요?	0	1	0	0	0	0	0	0
909	자동로그인으로 설정했는데 일일히 로그인 해줘야합니다.	0	1	0	0	0	0	0	0
910	너무 느려요. 사이트로 직접들어가도 로딩시간이 너무 오래걸려서 앱을 깔아써본건데 더 느려서 못쓰겠어요.	0	1	0	0	0	0	0	0
911	넘 좋아요 저는피부가 넘건조한데요 리뷰 쓰고부터 건건한것이 촉촉 으로변했어요 사용 3년정도 사용했어요	1	0	0	0	0	0	0	0
912	스마트픽에서 필터누르면 계속 앱 종료되서 못보겠어요	0	1	0	0	0	0	0	0
913	비교해보고 사는편인데 다른데 보다 상품도 많고 훨씬 저렴한거 같아요	1	0	0	0	0	0	0	0
914	업댓하고 나서부터인가 왜 자꾸 앱들어가면 튕기는거지요? 꼭 한번은 에레 뜨고 다시 시작해야하네요 ㅠ 보완 부탁드립니다	0	1	0	0	0	0	0	0
915	폰타나 포도씨유 방송 안내 부탁 드립니다	0	0	0	0	0	0	0	0
916	왜 인터넷 연결이 롯데닷컴만 안될까? 수많은 앱 중에서~~	0	1	0	0	0	0	0	0
917	노트2 사용자는 롯데닷컴앱 사용불가인가요? 업데이트 떠서 설치하는데 '기기가 이 버전과 호환되지 않습니다' 문구가 나오네요;;;	1	1	0	0	0	0	0	0
918	편리해요	0	0	0	0	0	0	0	0
919	업데이트 후 3주가 넘도록 접속조차 되지않는데, 고객센터에서 넘 신경을 안쓰는듯하네요@@롯데로고 변경광고나 신경쓰지마시고 이런거나 신경써주세요--	0	1	0	1	1	0	0	1
920	대체적으로 만족하긴 합니다만, 사용감에 있어 편의성이 살짝 아쉽긴 합니다ㅠㅠ	1	0	0	0	0	0	0	0
921	로그인 페이지가 안열림. 물건을 구매할 수 없음. 최악	1	1	0	0	0	0	0	0
922	자꾸 에러남	0	1	0	0	0	0	0	0
923	자꾸 에러남..짜증남	0	1	0	0	0	0	0	0
924	르샵에서 주문했는데 완전다른물건이 왔으나 사과전화한통 없더라	1	1	0	0	0	0	0	0
925	다운잘됨.ㅡㅡ	0	1	0	0	0	0	0	0
926	요새 계속 페이지 안넘어가고.닫히고ㅜ나만 그런 줄 ㅜ	0	1	0	0	0	0	0	0
927	롯데마트사용안되네요	1	0	0	0	0	0	0	0
928	앱이 너무 무거워서 느림. 11번가랑 비교됨.	1	1	0	0	0	0	0	0
929	정성스럽게 잘 만들어진 작품같아요.맨발로 나무 촉감을 느끼기에 좋아요.	0	0	0	0	0	0	0	0
930	1:1문의란에 내용등록이 안되어서 이틀째 몇십번 시도해보다 앱 제거후 다시 설치해도 똑같은 증상이어서 짜증 제대로네요	0	1	0	1	0	0	0	0
931	요즘 자주 팅겨나간다..상품자세히보기도 오래 걸리고..	1	0	0	0	0	0	0	0
932	요즘 같은 시국에 생활을 편리하게 해주네요	0	0	0	0	0	0	0	0
933	아내가 편리한 서비스로 쇼핑하는곳입니다	0	0	0	0	1	0	0	0
934	앱 자체 후졌어요 쇼핑몰앱중에 GS최고	1	1	0	0	0	0	0	0
935	최근에 제품상세보기가 안나오고 계속해서 랙이 걸립니다.	1	1	0	0	0	0	0	0
936	계속 인터넷연결 확인해달라고 요근래 자꾸 뜨는거 보니 롯데닷컴 어플은 이제 안하는건가봄?	0	1	0	0	0	0	0	0
937	요새 어플로 무슨 짓을 하는건지 예전부터 잘써왔는데 요즘 정말 짜증남. 쿠폰이나 등급때메 포기못하고 쓰는데 제품상제정보 볼라하면 에러나고 종료되기 일쑤. 메뉴는 복잡해져서 예전엔 쓰기 쉬웠는데 리뉴얼 후 검색어 입력해서 안찾으면 카테고리 메뉴로 들어가기도 어려움. 아무래도 디자인이 대폭으로 바뀌던 리뉴얼 그때부터 이상해졌음.	1	1	0	0	0	0	1	0
938	요즘계속오류나서 핸폰문제인가 삭제후 다시다운받아도 상태가 똑같네요 상세보기두잘안돼고 자꾸꺼지구 매일들어가 보구 사는사람으로 엄청불편합니다 빠른조치부탁드려요	1	1	0	0	0	0	0	0
939	물건 가격이 저렴해서 좋다.	1	0	0	0	0	1	0	0
940	중간에 자꾸 꺼짐	0	0	0	0	0	0	0	0
941	인터넷 연결 확인 하라는 메시지만 뜨고 안열림. 다른 앱들은 멀쩡히 잘 되는데. 결국 앱 삭제 함.	0	1	0	0	0	0	0	0
942	종종 방문해 볼께요	0	0	0	0	0	0	0	0
943	배송쵝오! 상품쵝오!	1	0	1	0	0	0	0	0
944	앱 관리 안하냐 물건팔려면 앱먼저관리해!!	1	1	0	0	1	0	0	0
945	상당히 편리하고 좋아요	0	0	0	0	0	0	0	0
946	편리합니다.	0	0	0	0	0	0	0	0
947	리뷰 등록이 오류로 계속 안 되네요.	0	1	0	1	0	0	0	0
948	ios11 버전 쓰고 있는 사람인데요	0	1	0	0	0	0	0	0
949	저렴한 곳 배송 빠른 곳	0	0	1	0	0	0	0	0
950	배송이 넘 빨라서 완전 굿굿~!^^	0	0	1	0	0	0	0	0
951	배송방법을 스마트픽으로 하면 랙이 걸려서 아무것도 안됨. 껐다 켜도 마찬가지임. 앱 다시 시작이 매일 반복됨.	0	1	1	0	0	0	0	0
952	인터넷연결잘되어있는데 인터넷연결확인하라고만뜸 결국 사용해야할때사용못함	1	1	0	0	0	0	0	0
953	넘 좋아요	0	0	0	0	0	0	0	0
954	보라색을 시켰는데 왜 파란색이오나요	0	0	0	0	0	0	0	0
955	이벤트응모 앱으로만한다고 앱깔았는데 쿠폰확인이 안됨 문의했더니 컴으로 확인하라고...컴에선 앱으로만가능하다고..장난하는줄	0	1	0	0	1	0	1	0
956	오류가 너무 심하네요.. 좀 보다보면 오류로 꺼진다고 그러고..개선좀해주세요	0	1	0	0	0	0	0	0
957	인터넷 연결 확인도 못하는앱	0	1	0	0	0	0	0	0
958	앱에 들어가지지가 않을 때가 너무 많습니다.	0	1	0	0	0	0	0	0
959	다 좋은데 인터넷 연결 불가로 로그인조차 안돼요. 몇번을 제거하고 설치하는건지..빠른 조치 부탁드립니다.	0	1	0	0	0	0	0	0
960	이럴거면 업데이트를 하지마세요...	0	1	0	0	0	0	0	0
961	품명 복사하기가 안되서 불편해서 다른 앱 이용하게되요	1	1	0	0	0	0	0	0
962	트레킹화 신어보니 발이편하고 만족합니다	0	0	0	0	0	0	0	0
963	회원가입에 오류가 많네요 실망하고감	0	1	0	0	1	0	1	0
964	자꾸 인터넷 연결상태를 확인하라는데 이어플만 그래요.ㅜㅜ	1	1	0	0	0	0	0	0
965	주문 쉽게되서 편하게 썼는데요. 제품 구입후기가 등록이 안되네요? 공유같은건 다 잘되던데 왜 등록하기 버튼만 응답이 없는지	1	1	0	1	0	0	0	0
966	좋아요	0	0	0	0	0	0	0	0
967	신속한 배송 부탁 드려요.	0	0	1	0	0	0	0	0
968	앱이 점점 좋아져서 만족합니다 저는	0	1	0	0	0	0	0	0
969	어플깔고 들어갈랴하는데 인터넷연결을 확인하라고뜨나요?	0	1	0	0	0	0	0	0
970	핸폰 바꾸고 나서 앱깔고 뭐좀 구경하다 보면 앱중지 안내가 자꾸 뜨니 불편해요	0	1	0	0	0	0	0	0
971	월요일 오전에 주문했는데 목요일에 발송이라니... 요즘 1-2일 배송시대에....	1	1	1	0	0	0	0	0
972	안 좋은것 같아요	0	0	0	0	0	0	0	0
973	아직 사용은 안해봤어요 이제 부터 사용해보려고요~	1	0	0	0	0	0	0	0
974	좋아용	0	0	0	0	0	0	0	0
975	이거 인테넷 연결 오류 저만 그런 게 아니네요...뭐죠? 빨리고쳐주세요!	0	1	0	0	0	0	0	0
976	별로	0	0	0	0	0	0	0	0
977	셀렉토커피 쿠폰 누르면 잘려서 안보여요 해결해주세요	0	0	0	0	0	0	1	0
978	앱이 실행이 안됩니다. 계속 그냥 중지 떠요. 일요일 저녁 이후로 들어가질 못합니다. 어케 좀 해봐요. 의견 남겼어도 소용이 없네요 며칠 째	0	1	0	0	0	0	0	0
979	다좋은데사진찍는거는어디로들어가요?	0	0	0	0	0	0	0	0
980	롯데닷컴에서 상품검색하기가 좋아요	1	1	0	0	0	0	0	0
981	한이틀 잘되다 인터넷연결 확인하라고 하네요 삭제후 다시 깔면 되다가 또 그렇네요 저밑에 글에도 그내용있든데 빠른조치부탁드립니다	0	1	0	0	0	0	0	0
982	아주조와요	0	0	0	0	0	0	0	0
983	앱이 안들어가지네요 인터넷 연결상태확인하라고 뜨는데 다른앱은 잘되는데 왜그런가요?	1	1	0	0	0	0	0	0
984	L머니 2000준다는 광고메일받고설치하니까 6일날설치해서보니 아무것도없음 소비자상대 낚시광고나하고	0	1	0	1	1	0	0	1
985	좋은상품감사합니다	1	0	0	0	0	0	0	0
986	인터넷기능을확인하라고 자꾸 뜨는데 왜이래요?	0	1	0	0	0	0	0	0
987	지금 한달 째 오류가 안고쳐졌어요. 빨리 개선 좀 해요. 다른 데로 넘어가기 전에 ㅡㅡ	0	1	0	0	0	0	0	0
988	롯데온 되면서 기존 롯데닷컴앱에서 구매했던 내역도 볼 수 없고 쿠폰도 안보이고 심지어 상품 검색 좀 해보려니까 로딩만 오래되다가 백지 창으로 넘어갑니다 ㅡㅡ 이럴거면 통합 왜 했나요 전보다 못한데	1	1	0	0	0	0	1	0
989	앞으로도 더 좋아지길 바랄께요*^__^*	0	0	0	0	0	0	0	0
990	항상즐겁고	0	0	0	0	0	0	0	0
991	아주좋아요	0	0	0	0	0	0	0	0
992	업데이트 이후10월 알림메세지 저장안되네요 개망	0	1	0	0	0	0	0	0
993	별반개는못주나요?ㅋ영수증이벤트참여할라고어플깔고로긴할라하니비번맞지않다고나와서비번찾기하니정보가정확하지않다고나와서본인명의폰으로조회하기가서또찾기를하고간편가입한계정으로확인하는게있어서또그짓을하고계속정보틀리다나와서톡상담누르니로긴창뜨고1대1문위하기를눌러도로그인창으로가고뭘눌러도로그인창으로가고문위할데가없길래여기다남긴다.여기악플에댓글없을때알아봤어야하는데김치냉장고받을라다돈쓴게화딱지나서남겨본다.롯데가그래서롯데시장이란소리듣는거다.기본좀지키며장사해라	1	1	0	0	1	0	1	0
994	한주동안 열심히 리본을 모아서 500원 포인트가 나왔는데 월요일 10시가 넘었는데 포인트를 주지 않네요. 잘 모아서 500원 할인을 받고 있었는데 업데이트인가 리본 적립방식이 바뀌어서 인지는 모르겠지만 한 주 동안 열심히 모았는데 안주니 좀 많이 그러네요	0	1	0	0	0	1	1	0
995	최악의 쇼핑앱	0	1	0	0	0	0	0	0
996	참 좋은 곳이다	0	0	0	0	0	0	0	0
997	포인트확인하라고해서오니까 이앱이었고 다운받으려고하는데 다운이안됩니다 무제한엘티이고 심지어 10기가나남았는데 왜다운안돼죠? 계속대기중이기만하네요 어플은아예 확인도안하시나보군요	0	1	0	0	0	0	1	0
998	한우갈비 갈비선도도좋고 빠른배송 넘만족 고기가입에서살살녹아요	0	1	1	0	0	0	1	0
999	음악 들으면서 앱 실행시켰는데 음악이 끊기면서 광고동영상이 나오네요 씨8	0	1	0	0	0	0	0	1
1000	진짜 너무 안 좋아요 오류도 심하구	0	1	0	0	0	0	0	0
1001	쓰레기앱이네요 물건살려고 로그인할려해도 비번먹통에 비번알려고해도 먹통에 머하러 통합으로해서 짜증나게하는지....	1	1	0	0	0	0	0	0
1002	잘이용중이요	1	0	0	0	0	0	0	0
1003	금일 업데이트이후 앱 실행시 인터넷연결 에러발생으로 앱구동 불가.	0	1	0	0	0	0	0	0
1004	요즘 결제 에러가 너무 심하네요	0	1	0	1	0	0	0	0
1005	아주좋아요.	0	0	0	0	0	0	0	0
1006	굿굿	0	0	0	0	0	0	0	0
1007	수시로 다운되고 앱이 안열림. 급히 주문할게 있는데 자꾸 안되니까 짜증남. 빨리 고쳐주지도 않고 나몰라라	1	1	0	0	0	0	0	0
1008	네.잘받았습니다.아쉬운점은.알맹이가저번보다는.못한거.갇습니다.이것만게선하신다면좋을꺼갇습니다 ^ ^ ~	0	0	0	0	0	0	0	0
1009	자꾸 인터넷 연결하라는 멘트가 뜨네요. 다른앱 접속은 잘되는데 롯데닷컴만. 또 접속할때마다 새로 로그인하라해서 여간 귀찮은게 아닙니다. 해결안되나요?	0	1	0	0	0	0	0	0
1010	잘 이용하고 있어요	1	0	0	0	0	0	0	0
1011	요즘계속 오류오류...새로앱을깔수도 접속할수도없음	0	1	0	0	0	0	0	0
1012	다 좋으나 스마트픽으로 받을 때 결제 수단 무통장입금 추가해주세요.	0	0	0	1	0	0	0	0
1013	이 사이트는 결정적인 순간에 꼭 에러더이다. 그러니 욕을 밥먹듯이 드시고하지요. 2017.09.21 23:42 현재 L-pay 결제 시 [COM9999 시스템 오류입니다.] 어쩔?	0	1	0	1	0	0	0	0
1014	션사인 비내리는 날~알	0	0	0	0	0	0	0	0
1015	최근들어 오류나고 접속이 안되요. 지우고 다시 깔아도 비슷해서 왕불편	0	1	0	0	0	0	0	0
1016	인터넷 연결을 확인하라는 알림창만 뜨고 앱 실행이 안됩니다. 삭제 후 다시 앱 설치를 해도 같은 상황이 반복되네요. 문제 해결 좀 해주시길. 리뷰를 보니 계속 같은 상황이 발생중인듯 보이는데 앱을 쓰라고 만든건지.. 실망스럽네요	1	1	0	0	0	0	0	0
1017	좋아요~^^	0	0	0	0	0	0	0	0
1018	사진찍는게가능해서 깔았는데 .. 안보이네요....	0	0	0	0	0	0	0	0
1019	화면이 멈추거나 오류가 잘납니다	0	1	0	0	0	0	0	0
1020	광고때문에 알게 됬어요	0	0	0	0	0	0	0	1
1021	롯데 자주이용함	1	0	0	0	0	0	0	0
1022	튕기기 1등 앱인가요..	0	1	0	0	0	0	0	0
1023	툭하면 앱이 실행되지않는다고 메세지 떠요. 장바구니보다가 카테고리 넘어갈라하면 잘 안넘어가고 오류메세지 떠요. 타쇼핑몰앱은 잘되는데 롯닷앱은 잘 안되요. 실행도 좀 버벅거리구요.	0	1	0	0	0	0	0	0
1024	자동로그인이 안되요 롯데홈쇼핑도 그러더니 느리고 자동로그인도 안되고 요즘도 이런 앱이 있나요?	0	1	0	0	0	0	0	0
1025	계속 연결이 안되네요 쇼핑어플중 최악인것 같습니다 제거후 다시 깔려고하는데 제거도 빨리 안되네요	0	1	0	0	0	0	0	0
1026	땡큐	0	0	0	0	0	0	0	0
1027	엘포인트 어플이 좋아서 롯데 적응할 수 있었는데 다른 어플들은 하나같이 겉포장만 비슷하고 엉망입니다. 어떻게 이럴수있죠????	0	0	1	0	0	0	1	0
1028	배송 너무 빨라서 좋아요	0	0	1	0	0	0	0	0
1029	쇼핑하려고 앱 깔았어요	0	1	0	0	0	0	0	0
1030	장바구니에 담긴 상품 쿠폰이라고 알림떠서 받았는데 적용 안되는건 뭔가요 주질말던가ㅡㅡ 롯데는 전 계열 앱이 느려터지고 혼자 종료되네요	1	1	0	0	0	0	1	0
1031	자동로그인 걸어놔도 접속할때마다 로그인해야되고 너무 자주 중지되네요 개선이 필요할것 같네요	0	1	0	0	0	0	0	0
1032	잘보고있습니다	0	0	0	0	0	0	0	0
1033	롯데닷컴 에서 필요한 상품을 편리하게 좋은가격으로 구입하고 있습니다. 저에겐 참 좋은 쇼핑 몰 입니다. 힌가지 아쉬운점은 나이키운동화를 구입하여 까까운곳에 외출시 신고 오고간것이 3번째였는데 앞 코가 떨어져서 수선을 의뢰했지만 않된다고 하시더라구요..ㅠㅠ 다음 부턴 나이키 운동화 구매는 않해야겠다 생각했습니다.	1	0	0	0	0	1	0	0
1034	회원가입하면서 핸드폰 인증을 계속해도 6자리 숫자 문자가 오질않네요 ㅜㅜ	0	1	0	0	1	0	1	0
1035	왓챠플레이 이벤트 응모하려는데 왜 응모대상이아니라는거죠	0	0	0	0	0	0	1	0
1036	편안히 쓸수있는 엘 포인트입니다	0	0	0	0	0	0	1	0
1037	넝 좋아요	0	0	0	0	0	0	0	0
1038	이 앱만 자꾸 연결이 안된다 삭제하고 다시 받기를 반복	0	1	0	0	0	0	0	0
1039	상품을 검색하는데 편하게 볼수가 없음.너무 버벅거림 게속 멈춤동작 하다가 손으로 세번은 내리고 반복해야 겨우 내려감.	1	1	0	0	0	0	0	0
1040	며칠 쓰면 인터넷연결 확인하라면서 실행도 안됨 지우고 깔아도 며칠후 반복	0	1	0	0	0	0	0	0
1041	계속 접속할라면 인터넷 연결확인하라고 오류떠서 다운받았다가 지웠다가 다시다운받고 귀찮습니다 오류좀 고쳐주세요;;	0	1	0	0	0	0	0	0
1042	앱이 자꾸 인터넷 연결이 안돼서 계속 설치 합니다~참 불편하네요	0	1	0	0	0	0	0	0
1043	업데이트 후 이용시 멜론어플 재생이 자동으로 종료됩니다.. 저만그런건지. 버그같으니 확인 부탁드립니다	0	1	0	0	0	0	0	0
1044	여기에 파는 물건 전부 정품인가요?	1	0	0	0	0	0	0	0
1045	고객님, 안녕하세요. 롯데닷컴입니다. 먼저, 쇼핑에 불편을 드려 죄송합니다. 지속적으로 서비스 개선을 위해 노력하고 있으나 만족시켜드리지 못한 점 죄송합니다. 로그인 오류는 고객님의 소중한 의견을 바탕으로 현상과 원인을 파악 완료했고, 일부는 조치되었습니다. 나머지 잔여 오류는 빠른 시일 내에 수정해서 반영할 예정입니다. 롯데닷컴 서비스 이용에 불편을 드려 다시 한 번 죄송합니다. 감사합니다.	1	1	1	0	1	0	0	0
1046	고맙습니당 아 너무 좋아 요♡	0	0	0	0	0	0	0	0
1047	깔자마자 인터넷연결오류, 처리오류 상품구매를 할수가 없네요. 몇번시도 끝에 결국 앱삭제해버렸어요. 다른 곳에서 구매하는게 나을 것 같아요.	1	1	0	0	1	0	0	0
1048	인터넷연결하라고뜨네요 조치해주세요 로그인이안되서상품구매후 조회도못하고있네요	1	1	0	0	0	0	0	0
1049	이런!!!장난하는것도아니고!! 다운받아놓고 몇일지남 인터넷연결을확인하란글이뜨질않나!!!?? 장난하나?? 이게 제거하고다시깔고를 수십번반복질!!!!짜증나네!!!😡	0	1	0	0	0	0	0	0
1050	7월 27일 인터넷 연결관련 조취된 내용이라고 및에 답변이 되어있던데요 왜 오늘 8월 6일인 오늘 인터넷연결불량으로 앱 실행이 되지를 않네요 ...	1	1	0	0	1	0	0	0
1051	어제 인터넷연결 안된걸로 접속못한거 보상해주쇼 출석체크 하루못한거 어떻게 보상하실껴?	0	1	0	0	0	0	1	0
1052	왓챠 2개월 준다고해서 겨우 깔고 비밀번호 바꿔서 로그인했드만 고객님은 이용대상이 아니라고 한다. 이벤트 이용가능대상이 누군지 정확히 써놓지도 않아놓고 왜인지도 모른채로 시간을 날림 비밀번호는 웃기게도 특수문자를 사용해야되는데다가 8자가 넘어야되고 3자이상 연속된 알파벳이 안된다고함 !2ppawea12 복잡한 비밀번호엿는데 규칙에 어긋난다고 안됬다. 일이 이렇게 되는 걸로 보아 앞으로는 롯데닷컴에서 절때 물건 사는 일은 없을듯..미리 거르게 해줘서 고마워요!	1	1	0	0	1	0	1	0
1053	좋아요	0	0	0	0	0	0	0	0
1054	전반적으로 만족합니다.	0	0	0	0	0	0	0	0
1055	좋아요	0	0	0	0	0	0	0	0
1056	좋아요	0	0	0	0	0	0	0	0
1057	쇼핑하기 편리해요.	0	0	0	0	0	0	0	0
1058	좋아요	0	0	0	0	0	0	0	0
1059	좋아요 최근본상품.가격비교 잘보여요	1	0	0	0	0	1	0	0
1060	유용하게 잘 보고 있어요	0	0	0	0	0	0	0	0
1061	여러업체를통해 물건을 구입해보았지만,여기처럼 입금하자마자 주문해줘서감사하단문자와함께 중간중간어떤경로로상품이 전해지며 어느정도시일이걸리는지 자세하고도 진심어린 문자 보내주는 업체는 없었습니다. 팔면 그만인 식이라는 다른업체들에게 모범이 되어주셔서 거듭 감사하구요! 모든 상담직원들께 또 이런 리뷰로인해서라도 막말해대는 손님으로인해,맘에 상처받지말고 용기와 자부심을 가졌으면 합니다!! 화이팅^^^	1	1	0	1	1	0	0	0
1062	홈을 누르면 매번 앱중지 창이 뜬다. 뭐 이런 앱이?	0	1	0	0	0	0	0	0
1063	하 진짜 회원가입 하는데 너무 오래걸림 무슨 보안번호 들이면 처음부터다시하고 아이디 비번 만드는것도 아이디랑 동일 3회이상 있으면안되고 번호 동일도 안되고 무슨 진짜 개떡같이 만들너 났어 최악중에 최악 진짜 왓챠 이벤트해서 겨우겨우 몇십분 동안 가입해서 응모했더니 정기회원이라 대상이 안된다고? 하 참나 어이가없어서 ~ 에휴 그럼 미리 공지를 하던가 진짜 최악 진심 최악 아까운 시간만 버렸내 별 한개도 아깝내 이 글 읽고 내가 준 별은 한개가 아니라 0.ㅂ 개라는걸 이해하자	0	1	1	0	1	0	1	0
1064	아니 가입하자마자 로그인했는데 비정상계정이라는건 뭡니까. 회원가입할때 휴대폰인증하는 창은 아예 활성화되지도 않고.	0	1	0	0	1	0	1	0
1065	인터넷 연결을 확인하세요 라는 오류 발생해서 수정되었다는 글이 있던데..난 이제 이 오류가 발생한 이유가 뭔지? 앱 제거 했다가 다시 깔아야하나--^	0	1	0	0	0	0	0	0
1066	빠른배송 좋네요~	0	0	1	0	0	0	0	0
1067	좋은물건 부탁드립니다	1	0	0	0	0	0	0	0
1068	최악 포토리뷰쓰려면 꼭 앱을 깔아야한대서 깔았더니 포토리뷰는 등록되지도 않고 에러만 뜸	0	1	0	1	0	0	0	0
1069	몇일째, 비밀번호 바꺼도 틀렸다고 나오고 진짜 열받어서 이거 왜이럽니까? 수시로 보고 살거있나 체크하는데 아주 승질납니다. 자동으로 로그아웃이 되어있질 않나 인증받다가 끝날판	0	1	0	0	0	0	0	0
1070	왜 어제부터 계속. 인터넷연결확인하라고뜨나요?	0	1	0	0	0	0	0	0
1071	인터넷연결 확인하라고 하네요~아주 잘터지는데...	0	1	0	0	0	0	0	0
1072	없는상품팔고 환불처리하면 그만인가요	1	0	0	0	1	0	0	0
1073	접속안됨...인터넷연결 되있는데 뭘 계속확인하라그럼	0	1	0	0	0	0	0	0
1074	어플 깔면 왓챠 이용권준데서 깔았더니 뭐?! 혜택대상이아니라고? 장난하나ㅋㅋㅋ다시삭제	0	0	0	0	0	0	0	0
1075	업데이트가 잦지만 득템 할수있는 상품이 많아 자주들어오고싶은 앱중 하나입니다.	1	1	0	0	0	0	0	0
1076	업데이트하고 인터넷 연결 안된다고 계속 떠서 사용못하는 중이요. 앱 제거할까봐요	1	1	0	0	0	0	0	0
1077	업데이트가 너무 잦아요	0	1	0	0	0	0	0	0
1078	주문한 상품 아닌 다른상품이 도착해 맘 상했지만 그대로 입기로 핬어요	1	1	1	0	0	0	0	0
1079	장난하는 것도 아니고 회원가입을 몇번이나 시도해봤는데 처음에 아이디를 입력할때 쓸 수 없는 이메일이라 뜨지 않나 전에 가입한 적이 한번도 없었는데 말이죠. 황당해서 여러번 다시 시도해봤는데 갑자기 사용가능떠서 겨우 가입하겠구나 했는데 이번엔 전화번호 입력란에 숫자가 않뜨질않나 제 핸드폰 키포드란이 문제가 있나해서 다른 곳에 시도해봤는데 잘만되더군요 왜 이런 건지 몰라도 오류를 발견하고 고첬으면 좋겠습니다.	1	1	0	0	1	0	1	0
1080	인터넷연결을확인하라는데왜이러는건지 출첵이벤트및 럭키리본모으기도못하고이거야원 일부러당첨확률줄이게하려는꼼수인건지 ―,.―	0	1	0	0	0	0	1	0
1081	업데이트했더니 인터넷연결이 안된다고 접속이 안되는경우는 뭐임? 왜관리를안함?	0	1	0	0	1	0	0	0
1082	잘 사용하고있어요	1	0	0	0	0	0	0	0
1083	너무 자주업그레이드 하는거아닌가요? 꼭 제휴카드 아니여도 괜찮은 이벤트좀부탁드려요 하나카드는 왜항상 이벤트를안하는건지 ㅜㅜ	0	0	0	1	0	0	1	0
1084	너무 버벅거려서 사용하기 꺼려지네요. 인내심을 같고해도 이건 너무 합니다.	1	0	0	0	0	0	0	0
1085	너무 느려서 안좋음	0	0	0	0	0	0	0	0
1086	엘페이 쓰려니 안됩니다. 데이터 복호화 에러[4001] 이게 계속떠요. 앱지우고깔아도 마찬가지입니다	0	1	0	1	0	0	0	0
1087	유용한 상품이 많아요	1	0	0	0	0	0	0	0
1088	너무 자주 앱 시스템을 바꾸다보면?기존의 시스템에 사용자들이 익숙해져있는데... 익숙해지면 바뀌고 입숙해지면 바뀌고 하다보면? 사용하는데 있어 불편을 느낄수도 있겠죠^^	1	1	0	1	0	0	0	0
1089	다른어플은 다 되는데 갑자기 인터넷연결확인하라고 알림뜨는건 뭔지..와이파이 꺼도 똑같고 .. 이건 뭔가요?ㅡㅡ	0	1	0	0	0	0	0	0
1090	중국이 중국하듯 롯데 담당자도 롯데함...	1	0	0	0	0	0	0	0
1091	이 앱은 왜 자꾸 중지되는거죠?다신 쓰고 싶지 않을정도로 기분 나쁨.하루에 10번도 중지 되니 사용할수가 없네요...	1	1	0	0	0	0	0	0
1092	왜 자꾸 인터넷연결 확인이라 뜨나요	0	1	0	0	0	0	0	0
1093	좋아 좋아요	0	0	0	0	0	0	0	0
1094	물건이비싸요	1	0	0	0	0	0	0	0
1095	자꾸 끊어져요	0	0	0	0	0	0	0	0
1096	mm	0	0	0	0	0	0	0	0
1097	한번의 접속을 위해 십여차례씩 시도하는 매우불편한 앱이예요. 아예,접속을 안하는 편이 스트레스 받지 않는 앱이네요.	0	1	0	0	0	0	0	0
1098	배송지 고치려고 20분간 씨름하다 결국 삭제하고 지마켓에서삼 싸도 여기선안산다. 최악쇼핑몰	0	1	0	0	0	0	0	0
1099	업데이트 후 연결을 할 수 없다고 하네요 삭제-재설치-삭제-재설치..하다가 포기. 현재는 사용안하고 있음. 빠른 조치 요망.	1	1	0	0	0	0	0	0
1100	왜자꾸 앱중지되는거에요? 진짜 속터져서 못쓰겠네요 그리고 업데이트할수록 더 느려지고 오류더많아지고!!!	0	1	0	0	0	0	0	0
1101	롯데 전산담당자 바꿔야할듯요 업뎃될때마다 더 나빠지는데 오류나 꺼짐은 왜이리 많은지	0	1	0	0	0	0	0	0
1102	다양한소재가 저렴하게 나오는것같아 쇼핑에 즐거움도있는듯...	0	0	0	0	0	0	0	0
1103	어플이 열리지가 않아요 어플 구동시키면 갑자기 중지 됐다는 팝업뜨면서 아예 어플 자체가 안열리네요 ㅡㅡ	0	0	0	0	0	0	0	1
1104	업데이트 후 속도가 정말 빨라졌네요.	0	1	0	0	0	0	0	0
1105	인터넷 연결하라는 알림 후 중지됨. 업데이트하더니 쓰지도 못하게 해놨네요.	0	1	0	0	0	0	0	0
1106	다들 똑같은 입장이네요. 자꾸 오류나고 속도 엄청 느리고. . 빠른 조치 부탁드립니다~~	0	1	0	0	0	0	0	0
1107	인터넷을 연결을 확인 하라면서 자꾸 꺼져요 접속조차 안되요	0	1	0	0	0	0	0	0
1108	물건 구매하려는데 데이터를 사용해도 와이파이를 사용해도 앱 실행이안되네요 롯데는 앱 사용할때 오래걸리거나 오류가 많이나서 사용하기 꺼려져요	1	1	0	0	0	0	0	0
1109	좋은정보 좋은 상품~~	1	0	0	0	0	0	0	0
1110	갖다 버려라... 업뎃하고 나서 매번 인터넷연결을 확인하라는 메세지 뜨고 매번 제거 후 설치를 반복하고 있다.. 너무 불편함..	0	1	0	0	0	0	0	0
1111	다시 다운받아쓰는데 심심하면 인터넷연결이 어쩌고..다른앱 다~~되는데 다시 지우고 또 깔고 뭐하는 짓인지...쇼핑을 하라는건지 하지말라는건지...정말 짜증나네요..	0	1	0	0	0	0	0	0
1112	안녕	0	0	0	0	0	0	0	0
1113	이딴것도 어플이라고 만들었습니까? 여태까지 사용해본 모든 어플들 중에 최악이네요. 업데이트는 매번 왜 하는건가요? 뭐하나 나아지는게 없는데...	1	1	0	0	0	0	0	0
1114	쇼핑하기 불편해요 진짜 업뎃하면 더 좋아져야하는거 아닌가요	0	0	0	0	0	0	0	0
1115	제품 정보 확대가 대단히 불편하거나, 불가능한 경우가 댑따 많음. 그러니까, 사진만 대충 보고 사라!는 뜻으로 알고있음	1	0	0	0	0	0	0	0
1116	인터넷연결이 안된다며 앱 실행이 안되네요	0	1	0	0	0	0	0	0
1117	앱으로만 사진올릴 수 있다고해서 이용하는데 상품평이 안써집니다.	1	1	0	0	0	0	0	0
1118	의류 구입했는데 만족	1	0	0	0	0	0	0	0
1119	상품평 다썼는데 오류나서 업로드가 안됨. 여러번 시도해도 계속 안됨 상품평 쓰지말란건가요..? 글고 앱도 계속 쓰는데 꺼져요..넘 불안정한 앱	0	1	0	0	0	0	0	0
1120	잘튕김	0	0	0	0	0	0	0	0
1121	L포인트가 야금야금 쌓여서 좋아요~	0	0	0	0	0	0	1	0
1122	진짜 요즘은 인터넷 연결안된다는 글만 나오구 바로 들가기바 넘 힘들어	0	1	0	0	0	0	0	0
1123	자꾸 꺼집니다. 미칠거 같습니다	0	0	0	0	0	0	0	0
1124	예전 버젼도 그렇지만 하다가 앱이 종료되요. 진짜 화딱지난 게 한두번이 아니예요. 글고 검색 후 보여지는 화면이 스크롤 시 넘 느려요. 상품보는 것도 점점 뒤쳐지네요. 예전이 나았어요.	1	1	0	0	0	0	0	0
1125	완전 꽝입니다 롯데 이름부끄럽게 창꺼지고 갑자기 닫히고 삭제할까 고민중	0	0	0	0	0	0	0	0
1126	인터넷 연결이. 안되어있다고. 자꾸. 오류. 뜨네요~다른 롯데 앱은. 잘쓰고. 있는데...여긴. 왜이런가요?	0	1	0	0	0	0	0	0
1127	쿠폰 선택창 0.1초만에 꺼짐 개선 안해주세요?? 개선도 안해줄거면 대체 쿠폰 왜 주시는겁니까ㅡㅡ 기본 할인 쿠폰 선택도 안돼 대체 뭐하자는건지ㅡㅡ 같은 답변만 늘어놓지 마시고 빨리 개선해주세요ㅡㅡ	0	1	0	0	1	1	1	0
1128	깔끔하고 바람도 시원해요~	0	0	0	0	0	0	0	0
1129	좋아요	0	0	0	0	0	0	0	0
1130	1대1문의남길때 자판창이 아래로사라져서불편해요	0	0	0	0	0	0	0	0
1131	롯데닷컴 몇 년째 사용중입니다. 몇번 버전이 바뀌었는데 이번은 정말 최악이라 리뷰 남깁니다. 이럴거면 왜 버전을 바꾸라고 하는건지...쇼핑하다 짜증나서 그냥 다른데 가서 사게됩니다...	1	1	0	0	0	0	0	0
1132	리뉴얼 되고 더 깔끔해졌네요. 상품상세도 예뻐졌네요.	1	1	0	0	0	0	0	0
1133	오류로 꺼짐 많고 버그도 많음 실망 큼	0	1	0	0	0	0	0	0
1134	리뉴얼 시작부터 먹통에... 접속도 느리고 그렇다고 사용성이 나아진 부분도 없습니다. 롯데닷컴 기존 사용자의 정보와 히스토리는 자동으로 넘어와야 하는거 아닐까요? 기존 사용자 정보 백지화에 등급 혜택은 모두 사라졌군요. 통합앱을 만들고 싶었다면 기존앱을 두고 새로운 다운로드를 유도 하시던지 무슨 자신감으로 강제로 업데이트 하게 만들곤 이런 사용성입니까? 롯데닷컴사용자의 혜택은 하루아침에 없애버리고 이도저도 아닌 거대 쇼핑몰이 된것 같네요~ 있던백화점 브랜드와 상품라인들도 많이 없어지고 검색도 제대로 되지않습니다. 잠깐 사용으로 짜증과 피로가 누적되어 쇼핑욕구가 사라집니다. 자주 방문했던 고객으로 정말 실망입니다.	1	1	1	0	1	0	1	0
1135	업데이트하니까 오류도 많이 나고 속도도 느리고,상품검색도 잘 안되요.원래 앱이 사용하기 편리한거 같아요.	1	1	0	0	0	0	0	0
1136	굿이예요	0	0	0	0	0	0	0	0
1137	업데이트 되고 계속 에러나서 깔았다 지웠다 반복하고 있어요	0	1	0	0	0	0	0	0
1138	업글 전이 훨나은듯...접속불가상태ㅜㅜ	1	1	0	0	0	0	0	0
1139	"오늘 사용하려니 업뎃이 됐는지 다른 쇼핑앱들 잘되는데 자꾸 ""인터넷 켜라""라고 뜨네요~ 사용해야하는데...빨리 해결해주세요"	1	1	0	0	0	0	0	0
1140	타 쇼핑 어플들처럼 만들어주세요.로딩속도 느리고 슬라이드감도 안좋아요.	0	0	0	0	0	0	0	0
1141	니상새요ㅡㅡ.인터넷다켜져있는데 인터넷키가고만.뜨네요ㅡㅡ	0	1	0	0	0	0	0	0
1142	오류 너무 심해요ㅠㅠㅠ 이전버전보다 심해서 중간에 앱이 종료되는경우가 너무많아요ㅠ	0	1	0	0	0	0	0	0
1143	원본보기 누르지 않아도 바로 확대보기 되게 해 주세요. 제발요	0	0	0	0	0	0	0	0
1144	좋아여	0	0	0	0	0	0	0	0
1145	편리하고 좋아요	0	0	0	0	0	0	0	0
1146	쿠폰적용 창이 안떠 앱 삭제 후 재설치하려고 하는데 오류코드 24가 뜨면서 설치가 안되네요... ㅡㅡ 이것저것 도움말 보며 해봤는데 안되는데... 방법이 없을까요...	0	1	0	0	0	0	1	0
1147	출석체크가 안됨	0	0	0	0	0	0	1	0
1148	할인쿠폰 선택이 어느순간부터 안돼요 넘 불편합니다 어플을 삭제했다가 다시 깔아더 안되던데요	0	0	0	0	0	1	1	0
1149	인터넷 연결하라며 앱이 실행 안돼요	0	1	0	0	0	0	0	0
1150	인터넷 연결확인하라고 하고 걍 꺼짐~ 연결되있는데!!!! 모죠??	0	1	0	0	0	0	0	0
1151	바뀐거조은거같네	0	0	0	0	0	0	0	0
1152	인터넷연결을확인하라며 업데이트후에 접속이안됨..ㅡㅡ	0	1	0	0	0	0	0	0
1153	업데이트를 하라고 해서 했더니 아이콘이 사라졌어요. 분명 설치는 되어 있는데.. 제거하고 다시 설치해 보려고요. 번거롭네용..	0	1	0	0	0	0	0	0
1154	Soso that is um......	0	0	0	0	0	0	0	0
1155	이전께더좋음 자꾸꺼짐 뭥미?	0	0	0	0	0	0	0	0
1156	다양하고 저렵하다	1	0	0	0	0	0	0	0
1157	고객님 안녕하세요, 롯데닷컴입니다.	0	0	0	0	1	0	0	0
1158	5분이상 쇼핑할수가 없음 하도 다운되서	0	1	0	0	0	0	0	0
1159	새로워진롯데닷컴 소비자눈높이에 잘맞춰서 넘 편리하고 좋아요	0	0	0	0	1	0	0	0
1160	더 시원한 느낌.깔끔하네요.	0	0	0	0	0	0	0	0
1161	생각하지않았는데 샘풀을 요것저것 많이챙겨주셨더라구요.감사히 잘 쓸께요.	0	0	0	0	0	0	0	0
1162	쿠폰 설정해서 결제할려다 스트레스 받아 못 사겠음 ㅡ.ㅡ;;;;;; 되야 말이지	0	1	0	1	0	0	1	0
1163	너무느려요	0	0	0	0	0	0	0	0
1164	레이온 소재라서 비침이 없고 시원함. 단 딱 그 가격의 옷 임.	1	0	0	0	0	1	0	0
1165	좋은 앱 부탁해요	0	1	0	0	0	0	0	0
1166	오늘은 왜 출첵이 안되나요?	0	0	0	0	0	0	1	0
1167	상품도 매우 다양하고 저렴해서 롯데온을 가장 많이 사용하네요	1	0	0	0	0	0	0	0
1168	오늘 처음 써봤는데, 괜찮네요.	0	0	0	0	0	0	0	0
1169	5/7 취소한 게 아직까지 미처리고 오류 남발에 불편만 더해지는 업 아니... 다운그레이드 ㅠㅠ	0	1	0	0	0	0	0	0
1170	쿠폰선택을 못하게 일부러 막은건가요?? 쿠폰선택이 활성화가안되어 선택을 할수도없고, pc버젼과는 쿠폰도 다르고 ~ 앱을 지웠다가 다시깔아도 똑같고~ 이용하지 말라는거죠? 관리자는 답변복사붙이기하면서 장난하자는건지.. 성의도없고..	1	1	0	0	1	0	1	0
1171	답답해뒤지것다	0	0	0	0	0	0	0	0
1172	결제단계에서 쿠폰적용하려고 누르면 아주 잠깐 쿠폰창이 떴다가 사라진다고요. 6월달부터 롯데닷컴 앱에 쿠폰적용 불가 버그 생긴거 같은데 왜 수정을 안하고 계속 답변이 복사 붙여넣기만 하고 있어요? 다른 쇼핑몰로 고객들 이동하는거 안보이세요?	0	1	0	1	1	0	1	0
1173	일좀해라 진짜 문제가있으면 파악하고 고칠생각은안하고 붙여넣기답변만하고있네 직접결제한번해보면바로문제파억되겠구만 쿠폰적용이 안된다고	1	0	0	1	1	0	1	0
1174	밑에 분 말씀처럼 전엔 안그랬는데 갑자기 결재창에 할인 쿠폰이 선택이 안되서 결재를 할 수가 없네요. 지웠다가 다시 깔아도 안되네요	0	0	0	1	0	1	1	0
1175	할인쿠폰창이 0.1초만에 닫혀서 클릭을 할수가 없어요. 전엔 안그랬는데 며칠전부터 그러네요.앱을 삭제하고 다시 깔아도 똑같아요. 롯데닷컴 홈페이지로 들어가도 똑같구요.쇼핑하기 싫어지네요. 수정해주세요.	0	1	0	0	0	1	1	0
1176	아니 문의하기나 톡상담에 글이 안써지는건 머죠??다른건 다 되는데 ....답답하네요 이건 머지요???????????pc에서만 되는간가요???????? 어플에서 문의하기 쓰려는데 입력이 안되다니 먼가요???	0	1	0	0	1	0	0	0
1177	너무너무 느려서 짜증나서 다른데서 검색하고 여기서 주문하고..아님 그냥 안들어가게되요	1	1	0	0	0	0	0	0
1178	여전히 해외에서는 안되는건가요? 홈페이지 앱 모두 접속이 안되네요	0	1	0	0	0	0	0	0
1179	좋아요	0	0	0	0	0	0	0	0
1180	관리좀 하세요!! 비밀번호좀 찾으려는데 회원정보가 일치하지 않다고 나오고 아이핀도해도 일치하지 않는다고하고 지금까지 사용했던 전 유령임? 제발좀 신경좀 써봐요!! 성질나서 주문도 못하겠네.	1	1	0	0	1	0	0	0
1181	업데이트 하라더니.. 출첵 안되는 건 뭡니까? 나중에 보상해주시나요??	0	1	0	0	0	0	1	0
1182	이벤트 계속 오류나고 이벤트 정보자체가 없다고 뜨는데 관리자님 확인좀 하세요	1	1	0	0	0	0	1	0
1183	둘다 맘어 들어용	0	0	0	0	0	0	0	0
1184	속도가다른사이트에보다너무느림 상품보다짜증나구매욕뚝떨어짐	1	1	0	0	0	0	0	0
1185	도대체 왜안되는겁니까 오늘새벽부터 또접속오류네요 이러면 앱을없애던가 한두번도아니고	0	1	1	0	0	0	0	0
1186	안열려요 제거후 다시설치해봐도 안열리네요 후기보니 저만의 문제가 아닌듯하군요.	1	1	0	0	0	0	0	0
1187	몇번을 앱삭제하고 새로 깔아도 접속안됨 언제 해결되는 거에요? 짜증나	0	1	0	0	0	0	0	0
1188	롯데닷컴 롯데마트 모두 바뀌었네요;; 근데 너무 불편해서.. 이 업무한 사람들 머릿속이 궁금해질 정도입니다. 황금연휴에 가정의 달을 앞두고 무리수네요. 마트는 너무 불편해져서 삭제했어요. 타사 마트앱 애용하면 되니깐요.	0	1	0	0	0	0	0	0
1189	롯데마트에서 항상 구매하는데 업데이트 이후 장바구니 담기도 안되고 상품 누르면 입력값이 유효하지 않다는 화면이 너무 자주 뜨네요	1	1	0	0	0	0	0	0
1190	할인이 많고 보기편해서 자주 이용하게 되네요~	1	0	0	0	0	1	0	0
1191	너무 좋아요! 업뎃 부탁드려요~	0	0	0	0	0	0	0	0
1192	낮은가격순이나 신상품순 정렬해 놓고 상품하나 클릭하고 뒤로 가면 정렬이 다 풀려있네요. 매번 정렬 다시 설정하기 넘 힘들어요. 그리고 상품명으로 검색하면 이미지 여러개보기가 아니고 크게보기만 나오는데 이것도 너무 불편하고요. 사소하지만 한번에 여러개 비교하고 쇼핑하는 사람한테는 너무 불편하고 짜증나는 시스템이에요. 예전엔 안그랬는데 왜 그런가요? 다른 쇼핑몰로 갈아타려고 알아보던중에 넘 답답해서 글남깁니다.	1	1	0	1	0	1	0	0
1193	이 앱 왜이래요? 하도 속도가 느리고 버벅여서 삭제하고 재설치 하니까 로그인이 안되요. 비밀번호가 잘못 됐나해서 비밀번호 찾기하니까 일치하는 회원정보가 없다고 나오는데 어떻게 된거에요? 올해초부터 몇년째 잘쓰던 앱이 버벅이고 결제도 안되더니. . . 이젠 회원이 아니래~ㅋㅋ물건 사라는 건지 말라는 건지. . . 대기업 롯데는 이런거 개선이 안되는 거에요~?	1	1	0	1	1	0	0	0
1194	좋다	0	0	0	0	0	0	0	0
1195	고객센터에서는 정상 운행 되고 있다고 하고 고객은 튕겨져 나가고 앱관리가 엉망인것 같아요.. 앱아 제데로 운용되고 있는지 조차 파악을 못하니 원... 롯데가 정신 못차리네요 ㅡ.ㅡ	0	1	0	1	1	0	0	0
1196	진심 쓰레기 로그인 안되서 비번바꾸고다시해도 로그인안되서 전화했더니 고객센터는 나몰라라 탈퇴한다고 했더니 너그러세요ㅋㅋ 쓰레기앱에 쓰레기회사 쓰레기 직원 쓰레기 서비스임	0	1	0	1	1	0	0	0
1197	자동 할인적용 되서 간편하게 쓰기 좋아여	0	1	0	0	0	1	0	0
